countWaterId,water_id,water_count,water_gate_count,watergate01,watergate02,watergate03,watergate04,watergate05,watergate06,series,district_id,district_name,district_name_en,water_code,water_control,water_name,water_name_en,water_shortname,water_shortname_en,water_system_id,water_url,rain_expected,riverside,adjust,priorityStatus,latitude,longitude,site_timestamp,colorStatus,txtStatus,txtStatus_en,datediffnow,site_timestampTH,site_timestampEN,wl_level,wl_pos,wl_pos_name,wl_pos_name_en,wl_in,wl_in_DB,wl_out01,wl_out01_DB,wl_out02_DB,wl_out02,left_bank,right_bank,warning,critical,warning_out01,critical_out01,warning_out02,critical_out02,max_in_day,max_in_yesterday,max_out01_day,max_out01_yesterday,max_out02_day,max_out02_yesterday,status,statusColor,river_id,river_name,profile_order,piont,display_graph
0,303,1,0,,,,,,,0,55,อำเภอเมืองปทุมธานี,Mueang Pathum Thani District,WL.RPS.01,,คลองรังสิตประยูรศักดิ์ ตอนสถานีสูบน้ำปากคลองรังสิต*,"Khlong Rangsit Prayurasakdi, Pak Khlong Rangsit Pumpin Station*",คลองรังสิตประยูรศักดิ์ ตอนสถานีสูบน้ำปากคลองรังสิต*,"Khlong Rangsit Prayurasakdi, Pak Khlong Rangsit Pumping Station*",3,https://bmawaterflow.bangkok.go.th/station?id=727eaf3d-a968-472e-8076-26307b830ec5,,,1,0,13.96807,100.5535,/Date(1790972100000)/,#676b6b,ขัดข้อง,out of order,709,03/10/2569 03:15,2026/10/03 03:15,,,,,1.96,1.96,,,,,,,1.9,2.2,,,,,,,,,,,0,#676a6c,0,คลองรังสิตประยูรศักดิ์,,,
0,312,1,0,,,,,,,0,3,หนองจอก,Nong Chok,WL.SSB.13,,คลองแสนแสบ ตอนถนนศาลาแดง 3*,"Khlong Saen Saep, Thanon Sala Daeng 3*",คลองแสนแสบ ตอนถนนศาลาแดง 3*,"Khlong Saen Saep, Thanon Sala Daeng 3*",3,https://bmawaterflow.bangkok.go.th/station?id=1fb8d2d9-b1ce-4114-96b1-80acb16ddcf1,,,1,0,13.84686,100.9117,/Date(1790972100000)/,#676b6b,ขัดข้อง,out of order,709,03/10/2569 03:15,2026/10/03 03:15,,,,,1.85,1.85,,,,,,,1.58,1.78,,,,,,,,,,,0,#676a6c,0,คลองแสนแสบ,,,
0,327,1,0,,,,,,,0,54,อำเภอลำลูกกาปทุมธานี,"Lam Luk Ka District, Pathum Thani",WL.KHW.01,,สถานีสูบน้ำกลางคลองหกวา ตอนถนนนิมิตใหม่*,"Klang-Khlong Hok Wa Pumpinging Station, Thanon Nimit Mai*",สถานีสูบน้ำกลางคลองหกวา ตอนถนนนิมิตใหม่*,"Klang-Khlong Hok Wa Pumpinging Station, Thanon Nimit Mai*",3,https://bmawaterflow.bangkok.go.th/station?id=6bceb086-0008-4910-bda8-d8e618ab3c5d,,,1,0,13.93354,100.7506,/Date(1790972100000)/,#676b6b,ขัดข้อง,out of order,709,03/10/2569 03:15,2026/10/03 03:15,,,,,1.85,1.85,,,,,,,1.8,2.0,,,,,,,,,,,0,#676a6c,0,คลองหกวา,,,
0,302,1,0,,,,,,,0,54,อำเภอลำลูกกาปทุมธานี,"Lam Luk Ka District, Pathum Thani",WL.K08.01,,ปตร.คลองแปด ตอนซอย อบจ.ปทุมธานี2006*,"Khlong Paet Water Gate, Soi Pathum Thani PAO 2006*",ปตร.คลองแปด ตอนซอย อบจ.ปทุมธานี2006*,"Khlong Paet Water Gate, Soi Pathum Thani PAO 2006*",3,https://bmawaterflow.bangkok.go.th/station?id=69ae363d-80d0-47c0-97c4-14731bb235e1,,,1,0,13.9378,100.7706,/Date(1790972100000)/,#676b6b,ขัดข้อง,out of order,709,03/10/2569 03:15,2026/10/03 03:15,,,,,1.8,1.8,,,,,,,1.5,1.8,,,,,,,,,,,0,#676a6c,0,คลองแปด,,,
0,74,1,0,,,,,,,0,48,ทวีวัฒนา,Thawi Watthana,WL.MSW.03,,จุดวัดคลองมหาสวัสดิ์ ตอนถนนพุทธมณฑลสาย 2,"Khlong Maha Sawat Measurement Point, Thanon Phuttha Monthon Sai 2",ค.มหาสวัสดิ์-ถ.พุทธฯสาย 2,"Khlong Maha Sawat, Thanon Phuttha Monthon Sai 2",1,,,,1,2,13.80187,100.39432,/Date(1791014400000)/,#24b295,ปกติ,Normal,4,03/10/2569 15:00,2026/10/03 15:00,,,,,1.76,1.76,,,,,1.9,2.0,1.8,2.0,,,,,1.77,1.76,,,,,1,,0,คลองมหาสวัสดิ์,,,
0,73,1,0,,,,,,,0,19,ตลิ่งชัน,Taling Chan,WL.MSW.01,,จุดวัดคลองมหาสวัสดิ์ ตอนคลองสวนแดน 2,"Khlong Maha Sawat Measurement Point, Khlong Suan Daen 2",ค.มหาสวัสดิ์-สวนแดน 2,"Khlong Maha Sawat, Khlong Suan Daen 2",1,,,,1,2,13.79841,100.45451,/Date(1791014400000)/,#24b295,ปกติ,Normal,4,03/10/2569 15:00,2026/10/03 15:00,,,,,1.75,1.75,,,,,1.9,2.0,1.8,2.1,,,,,1.79,1.78,,,,,1,,0,คลองมหาสวัสดิ์,,,
0,311,1,0,,,,,,,0,42,สายไหม,Sai Mai,WL.ANG.01,,คลองออเงิน ตอนซอยเพิ่มสิน 15*,"Khlong Ao Ngoen, Soi Phoem Sin 15*",คลองออเงิน ตอนซอยเพิ่มสิน 15*,"Khlong Ao Ngoen, Soi Phoem Sin 15*",3,https://bmawaterflow.bangkok.go.th/station?id=9c1a1d44-9c0f-4dea-88f4-756213de7291,,,1,0,13.90363,100.63,/Date(1790972100000)/,#676b6b,ขัดข้อง,out of order,709,03/10/2569 03:15,2026/10/03 03:15,,,,,1.67,1.67,,,,,,,1.3,1.5,,,,,,,,,,,0,#676a6c,0,คลองออเงิน,,,
0,76,1,0,,,,,,,0,1,พระนคร,Phra Nakhon,WL.PKG.01,,สถานีสูบน้ำ ปากคลองตลาด,Pak Khlong Talat Pumping Station,ส.ปากคลองตลาด,Pak Khlong Talat Pumping Station,1,,,,1,2,13.74218,100.49466,/Date(1791014400000)/,#24b295,ปกติ,Normal,4,03/10/2569 15:00,2026/10/03 15:00,,,,,1.63,1.63,,,,,2.8,3.0,2.3,2.5,,,,,1.8,1.82,,,,,1,,0,แม่น้ำเจ้าพระยา,,,
0,57,1,0,,,,,,,0,3,หนองจอก,Nong Chok,WL.KKO.01,,จุดวัดคลองเก้า ตอนวัดศรีสุขสถาพร,"Khlong Kao Measurement Point, Wat Si Suk Sathaphon",ค.เก้า-วัดศรีสุขฯ,"Khlong Kao, Wat Si Suk Sathaphon",1,,,,1,3,13.92055,100.79237,/Date(1791014400000)/,#f4b05b,เตือนภัย,Alert,4,03/10/2569 15:00,2026/10/03 15:00,,,,,1.63,1.63,,,,,1.85,1.97,1.2,1.7,,,,,1.65,1.66,,,,,1,,0,คลองเก้า,,,
0,315,1,0,,,,,,,0,54,อำเภอลำลูกกาปทุมธานี,"Lam Luk Ka District, Pathum Thani",WL.K10.01,,ปตร.คลองสิบ ตอนซอย อบจ.ปทุมธานี 2006*,"Khlong Sip Water Gate, Soi Pathum Thani PAO 2006*",ปตร.คลองสิบ ตอนซอย อบจ.ปทุมธานี 2006*,"Khlong Sip Water Gate, Soi Pathum Thani PAO 2006*",3,https://bmawaterflow.bangkok.go.th/station?id=624f254d-6a1e-4e59-a3f6-8cdfb85eee4c,,,1,0,13.94621,100.8156,/Date(1790972100000)/,#676b6b,ขัดข้อง,out of order,709,03/10/2569 03:15,2026/10/03 03:15,,,,,1.62,1.62,,,,,,,1.5,1.8,,,,,,,,,,,0,#676a6c,0,คลองสิบ,,,
0,322,1,0,,,,,,,0,54,อำเภอลำลูกกาปทุมธานี,"Lam Luk Ka District, Pathum Thani",WL.KKO.02,,ปตร.คลองเก้า ตอนซอย อบจ.ปทุมธานี 2006*,"Khlong Kao Water Gate, Soi Pathum Thani PAO 2006*",ปตร.คลองเก้า ตอนซอย อบจ.ปทุมธานี 2006*,"Khlong Kao Water Gate, Soi Pathum Thani PAO 2006*",3,https://bmawaterflow.bangkok.go.th/station?id=dfc8ecbd-f11c-4537-8220-af6473417e9d,,,1,0,13.94372,100.7926,/Date(1790972100000)/,#676b6b,ขัดข้อง,out of order,709,03/10/2569 03:15,2026/10/03 03:15,,,,,1.59,1.59,,,,,,,1.5,1.8,,,,,,,,,,,0,#676a6c,0,คลองเก้า,,,
0,326,1,0,,,,,,,0,54,อำเภอลำลูกกาปทุมธานี,"Lam Luk Ka District, Pathum Thani",WL.K11.01,,ปตร.คลองสิบเอ็ด ตอนซอย อบจ.ปทุมธานี 2006*,"Khlong Sip Et Water Gate, Soi Pathum Thani PAO 2006*",ปตร.คลองสิบเอ็ด ตอนซอย อบจ.ปทุมธานี 2006*,"Khlong Sip Et Water Gate, Soi Pathum Thani PAO 2006*",3,https://bmawaterflow.bangkok.go.th/station?id=d4aeedbf-8aec-420e-96d4-bff057ff8b6c,,,1,0,13.94914,100.8411,/Date(1790972100000)/,#676b6b,ขัดข้อง,out of order,709,03/10/2569 03:15,2026/10/03 03:15,,,,,1.59,1.59,,,,,,,1.5,1.8,,,,,,,,,,,0,#676a6c,0,คลองสิบเอ็ด,,,
0,58,1,0,,,,,,,0,3,หนองจอก,Nong Chok,WL.SSG.01,,จุดวัดคลองสิบสอง ตอนถนนประชาสำราญ,"Khlong Sib Song Measurement Point, Thanon Pracha Samran",ค.สิบสอง-ถ.ประชาสำราญ,"Khlong Sib Song, Thanon Pracha Samran",1,,,,1,3,13.91359,100.86248,/Date(1791014400000)/,#f4b05b,เตือนภัย,Alert,4,03/10/2569 15:00,2026/10/03 15:00,,,,,1.55,1.55,,,,,1.85,1.97,1.2,1.7,,,,,1.56,1.58,,,,,1,,0,คลองสิบสอง,,,
0,324,1,0,,,,,,,0,54,อำเภอลำลูกกาปทุมธานี,"Lam Luk Ka District, Pathum Thani",WL.SSG.02,,ปตร.คลองสิบสอง ตอนถนนลำไทร*,"Khlong Sip Song Water Gate, Thanon Lam Sai*",ปตร.คลองสิบสอง ตอนถนนลำไทร*,"Khlong Sip Song Water Gate, Thanon Lam Sai*",3,https://bmawaterflow.bangkok.go.th/station?id=8b5d1c06-40ef-40df-b84c-b1aa819c4093,,,1,0,13.9453,100.864,/Date(1790972100000)/,#676b6b,ขัดข้อง,out of order,709,03/10/2569 03:15,2026/10/03 03:15,,,,,1.54,1.54,,,,,,,1.5,1.8,,,,,,,,,,,0,#676a6c,0,คลองสิบสอง,,,
0,304,1,0,,,,,,,0,3,หนองจอก,Nong Chok,WL.LPT.05,,คลองลำปลาทิว ตอนถนนบุรีภิรมย์*,"Khlong Lam Pla Thio, Thanon Buri Phirom*",คลองลำปลาทิว ตอนถนนบุรีภิรมย์*,"Khlong Lam Pla Thio, Thanon Buri Phirom*",3,https://bmawaterflow.bangkok.go.th/station?id=71665d0f-82c3-4a43-84fc-389465f5194b,,,1,0,13.85586,100.8654,/Date(1790972100000)/,#676b6b,ขัดข้อง,out of order,709,03/10/2569 03:15,2026/10/03 03:15,,,,,1.49,1.49,,,,,,,30.0,50.0,,,,,,,,,,,0,#676a6c,0,คลองลำปลาทิว,,,
0,318,1,0,,,,,,,0,54,อำเภอลำลูกกาปทุมธานี,"Lam Luk Ka District, Pathum Thani",WL.SSM.02,,คลองสิบสาม ตอนสถานีสูบน้ำกลางคลองหกวาสายล่าง*,"Khlong Sip Sam, Klang-Khlong Hok Wa Sai Lang Pumping Station*",คลองสิบสาม ตอนสถานีสูบน้ำกลางคลองหกวาสายล่าง*,"Khlong Sip Sam, Klang-Khlong Hok Wa Sai Lang Pumping Station*",3,https://bmawaterflow.bangkok.go.th/station?id=510adca6-a0b2-45c5-8b74-9c946ec876c5,,,1,0,13.95869,100.8942,/Date(1790972100000)/,#676b6b,ขัดข้อง,out of order,709,03/10/2569 03:15,2026/10/03 03:15,,,,,1.48,1.48,,,,,,,2.0,2.5,,,,,,,,,,,0,#676a6c,0,คลองสิบสาม,,,
0,310,1,0,,,,,,,0,56,อำเภอบางน้ำเปรี้ยว ฉะเชิงเทรา,"Bang Nam Priao District, Chachoengsao",WL.POC.01,,ปตร.กลางคลองพระองค์เจ้าฯ*,Klang Khlong Phra Ong Chao Chaiyanuchit Water Gate*,ปตร.กลางคลองพระองค์เจ้าฯ*,Klang Khlong Phra Ong Chao Chaiyanuchit Water Gate*,3,https://bmawaterflow.bangkok.go.th/station?id=4963ccd8-baba-4eb1-90f1-69457fa1cc0f,,,1,0,13.801,100.9531,/Date(1790972100000)/,#676b6b,ขัดข้อง,out of order,709,03/10/2569 03:15,2026/10/03 03:15,,,,,1.47,1.47,,,,,,,35.0,50.0,,,,,,,,,,,0,#676a6c,0,คลองพระองค์เจ้าไชยานุชิต,,,
0,325,1,0,,,,,,,0,54,อำเภอลำลูกกาปทุมธานี,"Lam Luk Ka District, Pathum Thani",WL.SWA.02,,คลองสามวา ตอนถนนเทศบาลลำลูกกา1*,"Khlong Sam Wa, Thanon Thetsaban Lam Luk Ka 1*",คลองสามวา ตอนถนนเทศบาลลำลูกกา1*,"Khlong Sam Wa, Thanon Thetsaban Lam Luk Ka 1*",3,https://bmawaterflow.bangkok.go.th/station?id=05b29a52-712d-4b90-a4ff-b2c2eb9817ff,,,1,0,13.92929,100.7259,/Date(1790972100000)/,#676b6b,ขัดข้อง,out of order,709,03/10/2569 03:15,2026/10/03 03:15,,,,,1.44,1.44,,,,,,,1.5,1.8,,,,,,,,,,,0,#676a6c,0,คลองสามวา,,,
0,59,2,1,0.0,,,,,,0,3,หนองจอก,Nong Chok,WL.SSM.01,,ประตูระบายน้ำ คลองสิบสาม,Khlong Sib Sam Water Gate,ปตร.คลองสิบสาม,Khlong Sib Sam Water Gate,1,,,,1,4,13.85874,100.86779,/Date(1791014400000)/,#e85965,วิกฤต,Critical,4,03/10/2569 15:00,2026/10/03 15:00,,,,,1.35,1.35,-99,,,,1.98,1.98,1.0,1.1,1.6,1.7,,,1.35,1.36,,,,,1,,0,คลองสิบสาม,,,
0,126,1,0,,,,,,,0,46,คลองสามวา,Khlong Sam Wa,WL.PSR.02,,จุดวัดคลองพระยาสุเรนทร์ ตอนถนนหนองระแหง,"Khlong Phraya Suren Measurement Point, Thanon Nong Rahaeng",ค.พระยาสุเรนทร์ ถ.หนองระแหง,"Khlong Phraya Suren, Thanon Nong Rahaeng",1,,,,1,4,13.90121,100.69049,/Date(1791014400000)/,#e85965,วิกฤต,Critical,4,03/10/2569 15:00,2026/10/03 15:00,,,,,1.33,1.33,,,,,1.6,1.65,1.0,1.2,,,,,1.36,1.43,,,,,1,,0,คลองพระยาสุเรนทร์,,,
0,125,1,0,,,,,,,0,46,คลองสามวา,Khlong Sam Wa,WL.PSR.03,,จุดวัดคลองพระยาสุเรนทร์ ตอนถนนจตุโชติ,"Khlong Phraya Suren Measurement Point, Thanon Chatuchot",ค.พระยาสุเรนทร์ ถ.จตุโชติ,"Khlong Phraya Suren, Thanon Chatuchot",1,,,,1,4,13.87621,100.68614,/Date(1791014400000)/,#e85965,วิกฤต,Critical,4,03/10/2569 15:00,2026/10/03 15:00,,,,,1.3,1.3,,,,,1.5,1.5,1.0,1.2,,,,,1.34,1.42,,,,,1,,0,คลองพระยาสุเรนทร์,,,
0,20,2,1,0.24,,,,,,0,42,สายไหม,Sai Mai,WL.PSR.01,,ประตูระบายน้ำ คลองพระยาสุเรนทร์,Phraya Suren Water Gate,ปตร.คลองพระยาสุเรนทร์,Phraya Suren Water Gate,1,,,,1,4,13.92128,100.68731,/Date(1791014400000)/,#e85965,วิกฤต,Critical,4,03/10/2569 15:00,2026/10/03 15:00,,,,,1.3,1.3,1.94,1.94,,,1.4,2.3,1.1,1.2,1.6,1.8,,,1.33,1.38,1.97,2.01,,,1,,0,คลองพระยาสุเรนทร์,,,
0,51,2,1,0.0,,,,,,0,3,หนองจอก,Nong Chok,WL.SSB.12,,สถานีสูบน้ำ คลองแสนแสบ หนองจอก,"Khlong Saen Saep Pumping Station, Nong Chok",ส.คลองแสนแสบ หนองจอก,"Khlong Saen Saep Pumping Station, Nong Chok",1,,,,1,4,13.85537,100.8721,/Date(1791014400000)/,#e85965,วิกฤต,Critical,4,03/10/2569 15:00,2026/10/03 15:00,,,,,1.25,1.25,1.5,1.5,,,1.75,1.75,1.0,1.1,1.4,1.6,,,1.26,1.27,1.5,1.5,,,1,,0,คลองแสนแสบ,,,
0,132,1,0,,,,,,,0,3,หนองจอก,Nong Chok,WL.LPT.01,,จุดวัดคลองลำปลาทิว ตอนถนนสังฆสันติสุข,"Khlong Lam Pla Thio Measurement Point, Thanon Sangkhasantisuk",ค.ลำปลาทิว ถ.สังฆสันติสุข,"Khlong Lam Pla Thio, Thanon Sangkhasantisuk",1,,,,1,4,13.85366,100.86679,/Date(1791014400000)/,#e85965,วิกฤต,Critical,4,03/10/2569 15:00,2026/10/03 15:00,,,,,1.25,1.25,,,,,2.0,2.0,0.9,1.1,,,,,1.26,1.26,,,,,1,,0,คลองลำปลาทิว,,,
0,251,1,0,,,,,,,0,48,ทวีวัฒนา,Thawi Watthana,WL.MSW.02,,จุดวัดคลองมหาสวัสดิ์ ตอนวัดปุรณาวาส,"Khlong Maha Sawat Measurement Point, Wat Purnawas",ค.มหาสวัสดิ์ วัดปุรณาวาส,"Khlong Maha Sawat, Wat Purnawas",1,,,,1,2,13.8036,100.33512,/Date(1791014400000)/,#24b295,ปกติ,Normal,4,03/10/2569 15:00,2026/10/03 15:00,,,,,1.19,1.19,,,,,1.5,1.5,1.8,2.0,,,,,1.28,1.53,,,,,1,,0,คลองมหาสวัสดิ์,,,
0,63,1,0,,,,,,,0,3,หนองจอก,Nong Chok,WL.LPC.01,,จุดวัดคลองลำผักชี ตอนโรงเรียนลำผักชี,"Khlong Lam Phak Chi Measurement Point, Lam Phak Chi School",ค.ลำผักชี รร.ลำผักชี,"Khlong Lam Phak Chi, Lam Phak Chi School",1,,,,1,4,13.79205,100.83524,/Date(1791014400000)/,#e85965,วิกฤต,Critical,4,03/10/2569 15:00,2026/10/03 15:00,,,,,1.17,1.17,,,,,1.85,1.97,0.6,0.7,,,,,1.18,1.18,,,,,1,,0,คลองลำผักชี,,,
0,19,2,1,0.31,,,,,,0,42,สายไหม,Sai Mai,WL.SST.01,,ประตูระบายน้ำ คลองสองสายใต้,Khlong Song Sai Tai Water Gate,ปตร.คลองสองสายใต้,Khlong Song Sai Tai Water Gate,1,,,,1,4,13.92294,100.63455,/Date(1791014400000)/,#e85965,วิกฤต,Critical,4,03/10/2569 15:00,2026/10/03 15:00,,,,,1.15,1.15,1.91,1.91,,,1.98,1.98,0.8,1.0,1.6,1.8,,,1.15,1.23,1.94,1.97,,,1,,0,คลองสองสายใต้,,,
0,331,1,0,,,,,,,0,5,บางเขน,Bang Khen,WL.LOA.02,,จุดวัดคลองรางอ้อ-รางแก้ว ตอน ถ.รามอินทรา,Khlong Rang O - Rang Kaeo Water Level Measurement Station (Ram Inthra Road Section),ค.รางอ้อ-รางแก้ว ถ.รามอินทรา,Khlong Rang O - Rang Kaeo Monitoring Point (Ram Inthra Rd.),1,,,,1,2,13.87564,100.60594,/Date(1791014400000)/,#24b295,ปกติ,Normal,4,03/10/2569 15:00,2026/10/03 15:00,,,,,1.14,1.14,,,,,1.5,1.5,1.2,1.5,,,,,1.14,1.22,,,,,1,,0,คลองรางอ้อ-รางแก้ว,,,
0,298,1,0,,,,,,,0,53,อำเภอบางบ่อสมุทรปราการ,"Bang Bo  District, Samut Prakan",WL.PWT.07,,ประตูระบายน้ำคลองประเวศฯ - กรมชลประทาน,Khlong Prawet Burirom - Royal Irrigation Department,ปตร.คลองประเวศฯ-กรมชลฯ,Khlong Prawet Burirom - Royal Irrigation Department,1,,,,1,4,13.6943,100.8675,/Date(1791014400000)/,#e85965,วิกฤต,Critical,4,03/10/2569 15:00,2026/10/03 15:00,,,,,1.13,1.13,,,,,3.0,3.0,0.4,0.5,,,,,1.15,1.18,,,,,1,,0,คลองประเวศบุรีรมย์,,,
0,61,2,1,0.0,,,,,,0,3,หนองจอก,Nong Chok,WL.LPG.02,,ประตูระบายน้ำ คลองหลวงแพ่ง,Khlong Luang Phaeng Water Gate,ปตร.คลองหลวงแพ่ง,Khlong Luang Phaeng Water Gate,1,,,,1,4,13.81303,100.93742,/Date(1791014400000)/,#e85965,วิกฤต,Critical,4,03/10/2569 15:00,2026/10/03 15:00,,,,,1.1,1.1,1.72,1.72,,,1.98,1.98,1.0,1.1,1.5,1.7,,,1.11,1.12,1.72,1.71,,,1,,0,คลองหลวงแพ่ง,,,
0,332,1,0,,,,,,,0,36,ดอนเมือง,Don Mueang,WL.KPM.08,,คลองเปรมประชากร ตอนสำนักงานเขตดอนเมือง,"Khlong Prem Prachakon, Don Mueang District Office",ค.เปรมฯ-สนข.ดอนเมือง,"Khlong Prem Prachakon, Don Mueang District Office",1,,,,1,3,13.91035,100.59337,/Date(1791014400000)/,#f4b05b,เตือนภัย,Alert,4,03/10/2569 15:00,2026/10/03 15:00,,,,,1.09,1.09,,,,,1.5,1.5,1.0,1.2,,,,,1.1,1.21,,,,,1,,0,คลองเปรมประชากร,,,
0,114,1,0,,,,,,,0,5,บางเขน,Bang Khen,WL.KSG.01,,จุดวัดคลองสอง ตอนถนนพหลโยธิน,"Khlong Song Measurement Point, Thanon Phahon Yothin",จุดวัดคลองสอง ตอนถนนพหลโยธิน,"Khlong Song, Thanon Phahon Yothin",1,,,,1,4,13.89974,100.61087,/Date(1791014400000)/,#e85965,วิกฤต,Critical,4,03/10/2569 15:00,2026/10/03 15:00,,,,,1.07,1.07,,,,,1.25,1.65,0.8,1.0,,,,,1.07,1.15,,,,,1,,0,คลองสอง,,,
0,119,1,0,,,,,,,0,36,ดอนเมือง,Don Mueang,WL.KPM.05,,จุดวัดคลองเปรมประชากร ตอนถนนสรงประภา,"Khlong Prem Prachakon Measurement Point, Thanon Song Prapa",ค.เปรมประชากร ถ.สรงประภา,"Khlong Prem Prachakon, Thanon Song Prapa",1,,,,1,3,13.92316,100.60051,/Date(1791014400000)/,#f4b05b,เตือนภัย,Alert,4,03/10/2569 15:00,2026/10/03 15:00,,,,,1.05,1.05,,,,,2.0,2.0,1.0,1.2,,,,,1.05,1.19,,,,,1,,0,คลองเปรมประชากร,,,
0,329,1,0,,,,,,,0,58,อำเภอนครชัยศรี นครปฐม,"Nakhon Chai Si District, Nakhon Pathom",WL.MSW.04,,คลองมหาสวัสดิ์ ช่วงโครงการส่งน้ำและบำรุงรักษาพระพิมล*,"Khlong Maha Sawat, Phra Phimon Operation and Maintenance Project*",คลองมหาสวัสดิ์ ช่วงโครงการส่งน้ำและบำรุงรักษาพระพิมล*,"Khlong Maha Sawat, Phra Phimon Operation and Maintenance Project*",3,https://bmawaterflow.bangkok.go.th/station?id=ef2c91a0-0211-4b39-95f7-ecebd0ae5835,,,1,0,13.81166,100.2265,/Date(1790972400000)/,#676b6b,ขัดข้อง,out of order,704,03/10/2569 03:20,2026/10/03 03:20,,,,,1.05,1.05,,,,,,,2.9,3.4,,,,,,,,,,,0,#676a6c,0,คลองมหาสวัสดิ์,,,
0,69,1,0,,,,,,,0,36,ดอนเมือง,Don Mueang,WL.KPM.06,,จุดวัดคลองเปรมประชากร ตอนคลองบ้านใหม่,"Khlong Prem Prachakorn Measurement Point, Khlong Ban Mai",ค.เปรมประชากร-ค.บ้านใหม่,"Khlong Prem Prachakorn, Khlong Ban Mai",1,,,,1,3,13.94336,100.60579,/Date(1791014400000)/,#f4b05b,เตือนภัย,Alert,4,03/10/2569 15:00,2026/10/03 15:00,,,,,1.04,1.04,,,,,1.5,1.5,1.0,1.2,,,,,1.04,1.17,,,,,1,,0,คลองเปรมประชากร,,,
0,172,1,0,,,,,,,0,3,หนองจอก,Nong Chok,WL.LPG.03,,จุดวัดคลองหลวงแพ่ง ตอนวัดลำต้อยติ่ง,"Khlong Luang Paeng Measurement Point, Wat Lam Toi Ting",ค.หลวงแพ่ง วัดลำต้อยติ่ง,"Khlong Luang Paeng, Wat Lam Toi Ting",1,,,,1,4,13.75489,100.88956,/Date(1791014400000)/,#e85965,วิกฤต,Critical,4,03/10/2569 15:00,2026/10/03 15:00,,,,,1.04,1.04,,,,,1.85,1.97,0.6,0.7,,,,,1.06,1.07,,,,,1,,0,คลองหลวงแพ่ง,,,
0,316,1,0,,,,,,,0,5,บางเขน,Bang Khen,WL.LPS.01,,คลองลำผักชี ตอนซอยรามอินทรา 21*,"Khlong Lam Phak Chi, Soi Ram Intra 21*",คลองลำผักชี ตอนซอยรามอินทรา 21*,"Khlong Lam Phak Chi, Soi Ram Intra 21*",3,https://bmawaterflow.bangkok.go.th/station?id=f0dccfc3-bc5d-401e-b56a-8f7facf84136,,,1,0,13.87134,100.6216,/Date(1790972100000)/,#676b6b,ขัดข้อง,out of order,709,03/10/2569 03:15,2026/10/03 03:15,,,,,1.03,1.03,,,,,,,1.8,2.5,,,,,,,,,,,0,#676a6c,0,คลองลำพังพวย,,,
0,281,1,0,,,,,,,0,21,บางขุนเทียน,Bang Khun Thian,WL.WHK.01,,จุดวัดคลองวัดหัวกระบือ ตอนวัดหัวกระบือ,"Khlong Wat Huakrabue Measurement Point, Wat Huakrabue",ค.วัดหัวกระบือ-วัดหัวกระบือ,"Khlong Wat Huakrabue, Wat Huakrabue",2,,,,1,3,13.62024,100.45005,/Date(1791014400000)/,#f4b05b,เตือนภัย,Alert,4,03/10/2569 15:00,2026/10/03 15:00,,,,,1.01,1.01,,,,,1.11,1.27,0.89,1.11,,,,,1.01,1.04,,,,,1,,0,คลองวัดหัวกระบือ,,,
0,200,1,0,,,,,,,0,11,ลาดกระบัง,Lat Krabang,WL.KSM.01,,จุดวัดคลองสาม ตอนร่มเกล้า 17,"Khlong Sam Measurement Point, Soi Rom Klao 17",ค.สาม ร่มเกล้า 17,"Khlong Sam, Soi Rom Klao 17",1,,,,1,4,13.77538,100.75395,/Date(1791014400000)/,#e85965,วิกฤต,Critical,4,03/10/2569 15:00,2026/10/03 15:00,,,,,1.0,1.0,,,,,1.5,1.5,0.6,0.7,,,,,1.03,1.05,,,,,1,,0,คลองสาม,,,
0,201,1,0,,,,,,,0,11,ลาดกระบัง,Lat Krabang,WL.KSM.02,,จุดวัดคลองสาม ตอนมอเตอร์เวย์,"Khlong Sam Measurement Point, Motorway",ค.สาม มอเตอร์เวย์,"Khlong Sam, Motorway",1,,,,1,4,13.7302,100.7541,/Date(1791014400000)/,#e85965,วิกฤต,Critical,4,03/10/2569 15:00,2026/10/03 15:00,,,,,1.0,1.0,,,,,1.4,1.4,0.5,0.6,,,,,1.0,1.0,,,,,1,,0,คลองสาม,,,
0,207,1,0,,,,,,,0,41,หลักสี่,Lak Si,WL.WLS.01,,จุดวัดคลองวัดหลักสี่ ตอนถนนวิภาวดีรังสิต,"Khlong Lak Si Temple Measurement Point, Thanon Vibhavadi Rangsit",ค.วัดหลักสี่ ถ.วิภาวดีรังสิต,"Khlong Lak Si Temple, Thanon Vibhavadi Rangsit",1,,,,1,4,13.89041,100.5847,/Date(1791014400000)/,#e85965,วิกฤต,Critical,4,03/10/2569 15:00,2026/10/03 15:00,,,,,1.0,1.0,,,,,2.0,2.0,0.8,1.0,,,,,1.02,1.1,,,,,1,,0,คลองวัดหลักสี่,,,
0,65,1,0,,,,,,,0,11,ลาดกระบัง,Lat Krabang,WL.PWT.06,,จุดวัดคลองประเวศบุรีรมย์ ตอนถนนร่วมพัฒนา,"Khlong Prawet Buri Rom Measurement Point, Thanon Ruam Phatthana",ค.ประเวศฯ-ถ.ร่วมพัฒนา,"Khlong Prawet Buri Rom, Thanon Ruam Phatthana",1,,,,1,4,13.70102,100.85095,/Date(1791014400000)/,#e85965,วิกฤต,Critical,4,03/10/2569 15:00,2026/10/03 15:00,,,,,1.0,1.0,,,,,1.85,1.97,0.4,0.6,,,,,1.0,1.0,,,,,1,,0,คลองประเวศบุรีรมย์,,,
0,62,1,0,,,,,,,0,10,มีนบุรี,Min Buri,WL.BYI.01,,จุดวัดคลองบึงใหญ่ ตอนวัดทองสัมฤทธิ์,"Khlong Bueng Yai Measurement Point, Wat Thong Samrit",ค.บึงใหญ่-วัดทองสัมฤทธิ์,"Khlong Bueng Yai, Wat Thong Samrit",1,,,,1,4,13.80069,100.78818,/Date(1791014400000)/,#e85965,วิกฤต,Critical,4,03/10/2569 15:00,2026/10/03 15:00,,,,,1.0,1.0,,,,,1.85,1.97,0.7,0.9,,,,,1.0,1.0,,,,,1,,0,คลองบึงใหญ่,,,
0,60,1,0,,,,,,,0,3,หนองจอก,Nong Chok,WL.SSB.11,,จุดวัดคลองแสนแสบ ตอนวัดทรัพย์สโมสรนิกรเกษม,"Khlong Saen Saep Measurement Point, Wat Sub Samosorn Nikon Kasem",ค.แสนแสบ-วัดทรัพย์ฯ,"Khlong Saen Saep, Wat Sub Samosorn Nikon Kasem",1,,,,1,3,13.85141,100.80344,/Date(1791014400000)/,#f4b05b,เตือนภัย,Alert,4,03/10/2569 15:00,2026/10/03 15:00,,,,,1.0,1.0,,,,,1.2,1.3,1.0,1.1,,,,,1.0,1.0,,,,,1,,0,คลองแสนแสบ,,,
0,118,1,0,,,,,,,0,41,หลักสี่,Lak Si,WL.KPM.04,,คลองเปรมประชากร ตอนคลองบางตลาด*,"Khlong Prem Prachakon Measurement Point, Bang Talat Khlong*",ค.เปรมประชากร-ค.บางตลาด*,"Khlong Prem Prachakon, Bang Talat Khlong*",1,,,,1,2,13.87546,100.57424,/Date(1791014700000)/,#24b295,ปกติ,Normal,0,03/10/2569 15:05,2026/10/03 15:05,,,,,0.99,0.99,,,,,1.1,0.8,1.0,1.2,,,,,1.04,1.2,,,,,1,,0,คลองเปรมประชากร,,,
0,77,1,0,,,,,,,0,21,บางขุนเทียน,Bang Khun Thian,WL.PLK.01,,จุดวัดคลองพิทยาลงกรณ์ ช่วงโรงเรียนพิทยาลงกรณ์พิทยาคม,"Khlong Phittayalongkorn Measurement Point, Pittayalongkornpittayakom School",ค.พิทยาฯ-รร.พิทยาลงกรณ์,"Khlong Phittayalongkorn, Pittayalongkorn School",1,,,,1,2,13.52834,100.41782,/Date(1791014400000)/,#24b295,ปกติ,Normal,4,03/10/2569 15:00,2026/10/03 15:00,,,,,0.97,0.97,,,,,1.9,2.0,1.2,1.4,,,,,1.31,1.3,,,,,1,,0,คลองพิทยาลงกรณ์,,,
0,202,1,0,,,,,,,0,11,ลาดกระบัง,Lat Krabang,WL.KSI.02,,จุดวัดคลองสี่ ตอนถนนเจ้าคุณทหาร,"Khlong Si Measurement Point, Thanon Chaokhun Thahan",ค.สี่ ถ.เจ้าคุณทหาร,"Khlong Si, Thanon Chaokhun Thahan",1,,,,1,4,13.75363,100.7689,/Date(1791014400000)/,#e85965,วิกฤต,Critical,4,03/10/2569 15:00,2026/10/03 15:00,,,,,0.97,0.97,,,,,1.0,1.0,0.5,0.6,,,,,1.0,1.01,,,,,1,,0,คลองสี่,,,
0,203,1,0,,,,,,,0,10,มีนบุรี,Min Buri,WL.KSI.01,,จุดวัดคลองสี่ ตอนถนนสุวินทวงศ์,"Khlong Si Measurement Point, Thanon Suwinthawong",ค.สี่ ถ.สุวินทวงศ์,"Khlong Si, Thanon Suwinthawong",1,,,,1,4,13.81383,100.76524,/Date(1791014400000)/,#e85965,วิกฤต,Critical,4,03/10/2569 15:00,2026/10/03 15:00,,,,,0.97,0.97,,,,,2.0,2.0,0.8,0.9,,,,,1.01,1.02,,,,,1,,0,คลองสี่,,,
0,148,1,0,,,,,,,0,5,บางเขน,Bang Khen,WL.LOA.01,,จุดวัดคลองรางอ้อ-รางแก้ว ตอนถนนพหลโยธิน,"Khlong Rang Or - Rang Kaew Measurement Point, Thanon Phahon Yothin",ค.รางอ้อ-รางแก้ว ถ.พหลโยธิน,"Khlong Rang Or - Rang Kaew, Thanon Phahon Yothin",1,,,,1,4,13.88471,100.60201,/Date(1791014400000)/,#e85965,วิกฤต,Critical,4,03/10/2569 15:00,2026/10/03 15:00,,,,,0.96,0.96,,,,,1.5,1.5,0.8,0.9,,,,,1.22,1.16,,,,,1,,0,คลองรางอ้อ-รางแก้ว,,,
0,135,1,0,,,,,,,0,11,ลาดกระบัง,Lat Krabang,WL.LPT.03,,จุดวัดคลองลำปลาทิว ตอนซอยฉลองกรุง 8,"Khlong Lam Pla Thio Measurement Point, Soi Chalong Krung 8",ค.ลำปลาทิว ซ.ฉลองกรุง 8,"Khlong Lam Pla Thio, Soi Chalong Krung 8",1,,,,1,0,13.74068,100.79474,/Date(1790535300000)/,#676b6b,ขัดข้อง,out of order,7989,28/09/2569 01:55,2026/09/28 01:55,,,,,0.94,0.94,,,,,0.5,0.5,0.5,0.6,,,,,0.98,0.99,,,,,0,#676a6c,0,คลองลำปลาทิว,,,
0,127,1,0,,,,,,,0,46,คลองสามวา,Khlong Sam Wa,WL.PSR.05,,จุดวัดคลองพระยาสุเรนทร์ ตอนปัญญาอินทรา,"Khlong Phraya Suren Measurement Point, Panya Inthra",ค.พระยาสุเรนทร์ ปัญญาอินทรา,"Khlong Phraya Suren, Panya Inthra",1,,,,1,4,13.83698,100.68803,/Date(1791014400000)/,#e85965,วิกฤต,Critical,4,03/10/2569 15:00,2026/10/03 15:00,,,,,0.94,0.94,,,,,1.3,1.3,0.7,0.8,,,,,0.98,1.05,,,,,1,,0,คลองพระยาสุเรนทร์,,,
0,124,1,0,,,,,,,0,46,คลองสามวา,Khlong Sam Wa,WL.PSR.04,,ปตร.พระยาสุเรนทร์ ตอนคู้บอน,"Phraya Suren Water Gate, Khu Bon",ปตร.พระยาสุเรนทร์ ตอนคู้บอน,"Phraya Suren Water Gate, Khu Bon",1,,,,1,2,13.85077,100.67829,/Date(1791014400000)/,#24b295,ปกติ,Normal,4,03/10/2569 15:00,2026/10/03 15:00,,,,,0.92,0.92,,,,,1.75,1.9,1.05,1.15,,,,,0.96,1.04,,,,,1,,0,คลองพระยาสุเรนทร์,,,
0,64,1,0,,,,,,,0,11,ลาดกระบัง,Lat Krabang,WL.PWT.05,,จุดวัดคลองประเวศบุรีรมย์ ตอน รพ.ลาดกระบัง,"Khlong Prawet Buri Rom Measurement Point, Lat Krabang Hospital",ค.ประเวศฯ-รพ.ลาดกระบัง,"Khlong Prawet Buri Rom, Lat Krabang Hospital",1,,,,1,0,13.72396,100.78399,/Date(1791012000000)/,#676b6b,ขัดข้อง,out of order,44,03/10/2569 14:20,2026/10/03 14:20,,,,,0.92,0.92,,,,,1.85,1.97,0.4,0.6,,,,,0.95,0.99,,,,,0,#676a6c,0,คลองประเวศบุรีรมย์,,,
0,204,1,0,,,,,,,0,11,ลาดกระบัง,Lat Krabang,WL.LKB.01,,จุดวัดคลองลาดกระบัง ตอนซอยลาดกระบัง 54/6,"Khlong Lat Krabang Measurement Point, Soi Lat Krabang 54/6",ค.ลาดกระบัง ซ.ลาดกระบัง 54/6,"Khlong Lat Krabang, Soi Lat Krabang 54/6",1,,,,1,4,13.72294,100.75193,/Date(1791014400000)/,#e85965,วิกฤต,Critical,4,03/10/2569 15:00,2026/10/03 15:00,,,,,0.92,0.92,,,,,1.0,1.0,0.5,0.6,,,,,0.94,0.99,,,,,1,,0,คลองลาดกระบัง,,,
0,79,1,0,,,,,,,0,51,อำเภอเมืองสมุทรปราการ,Mueang Samut Prakan District,WL.BPU.01,,จุดวัดสถานตากอากาศบางปู,Bangpu Recreation Center Measurement Point,บางปู,Bangpu,1,,,,1,2,13.51295,100.65425,/Date(1791014400000)/,#24b295,ปกติ,Normal,4,03/10/2569 15:00,2026/10/03 15:00,,,,,0.91,0.91,,,,,3.5,,1.6,1.8,,,,,1.36,1.39,,,,,1,,0,สถานตากอากาศบางปู,,,
0,21,2,1,0.44,,,,,,0,46,คลองสามวา,Khlong Sam Wa,WL.SWA.01,,ประตูระบายน้ำ คลองสามวา,Khlong Sam Wa Water Gate,ปตร.คลองสามวา ,Khlong Sam Wa Water Gate,1,,,,1,4,13.85956,100.72931,/Date(1791014400000)/,#e85965,วิกฤต,Critical,4,03/10/2569 15:00,2026/10/03 15:00,,,,,0.9,0.9,1.36,1.36,,,1.3,1.7,0.7,0.8,1.1,1.3,,,0.93,0.98,1.37,1.4,,,1,,0,คลองสามวา,,,
0,24,1,0,,,,,,,0,43,คันนายาว,Khan Na Yao,WL.LCL.01,,จุดวัดคลองลำชะล่า ตอนถนนนวมินทร์,"Khlong Lamchala Measurement Point, Thanon Nawamin",ค.ลำชะล่า ถ.นวมินทร์,"Khlong Lamchala, Thanon Nawamin",1,,,,1,3,13.8363,100.66134,/Date(1791014400000)/,#f4b05b,เตือนภัย,Alert,4,03/10/2569 15:00,2026/10/03 15:00,,,,,0.9,0.9,,,,,1.85,1.97,0.8,1.0,,,,,0.92,0.96,,,,,1,,0,คลองลำชะล่า,,,
0,131,1,0,,,,,,,0,11,ลาดกระบัง,Lat Krabang,WL.STN.03,,จุดวัดคลองสองต้นนุ่น ตอนถนนมอเตอร์เวย์,"Khlong Song Ton Nun Measurement Point, Thanon Motorway",ค.สองต้นนุ่น ถ.มอเตอร์เวย์,"Khlong Song Ton Nun, Thanon Motorway",1,,,,1,4,13.72975,100.73899,/Date(1791014400000)/,#e85965,วิกฤต,Critical,4,03/10/2569 15:00,2026/10/03 15:00,,,,,0.87,0.87,,,,,2.0,2.0,0.3,0.4,,,,,0.87,0.84,,,,,1,,0,คลองสองต้นนุ่น,,,
0,22,1,0,,,,,,,0,5,บางเขน,Bang Khen,WL.BBU.01,,จุดวัดคลองบางบัว,Khlong Bang Bua Measurement Point,ค.บางบัว,Khlong Bang Bua,1,,,,1,3,13.85806,100.58656,/Date(1791014400000)/,#f4b05b,เตือนภัย,Alert,4,03/10/2569 15:00,2026/10/03 15:00,,,,,0.85,0.85,,,,,1.0,0.8,0.8,1.0,,,,,0.85,1.04,,,,,1,,0,คลองบางบัว,,,
0,147,1,0,,,,,,,0,17,ห้วยขวาง,Huai Khwang,WL.CBJ.01,,จุดวัดคลองชวดบางจาก ตอนถนนประชาอุทิศ,"Khlong Chuad Bang Chak Measurement Point, Thanon Pracha Uthit",ค.ชวดบางจาก ถ.ประชาอุทิศ,"Khlong Chuad Bang Chak, Thanon Pracha Uthit",1,,,,2,0,13.77211,100.58021,/Date(1780307400000)/,#676b6b,ขัดข้อง,out of order,178454,01/06/2569 16:50,2026/06/01 16:50,,,,,0.84,0.84,,,,,1.0,1.0,0.1,0.2,,,,,0.91,0.86,,,,,0,#676a6c,0,คลองชวดบางจาก,,,
0,330,1,0,,,,,,,0,55,อำเภอเมืองปทุมธานี,Mueang Pathum Thani District,WL.KPM.07,,คลองเปรมประชากร ช่วงสถานีสูบน้ำเปรมใต้รังสิต*,"Khlong Prem Prachakon, Prem Tai Rangsit Pumpinging Station*",คลองเปรมประชากร ช่วงสถานีสูบน้ำเปรมใต้รังสิต*,"Khlong Prem Prachakon, Prem Tai Rangsit Pumpinging Station*",3,https://bmawaterflow.bangkok.go.th/station?id=5cf1a064-37c1-4193-96b2-f7b82386f373,,,1,0,13.97933,100.6007,/Date(1790972100000)/,#676b6b,ขัดข้อง,out of order,709,03/10/2569 03:15,2026/10/03 03:15,,,,,0.83,0.83,,,,,,,0.6,0.8,,,,,,,,,,,0,#676a6c,0,คลองเปรมประชากร,,,
0,300,1,0,,,,,,,0,41,หลักสี่,Lak Si,WL.KPM.09,,คลองเปรมประชากร ตอนคลองตาอูฐ,"Khlong Prem Prachakon, Prem Tai Rangsit Pumpinging Station*",ค.เปรมประชากร ตอนค.ตาอูฐ,"Khlong Prem Prachakon, Prem Tai Rangsit Pumpinging Station*",1,,,,1,0,13.89979,100.58766,/Date(1790970000000)/,#676b6b,ขัดข้อง,out of order,744,03/10/2569 02:40,2026/10/03 02:40,,,,,0.82,0.82,,,,,2.0,2.0,1.0,1.2,,,,,0.86,1.21,,,,,0,#676a6c,0,คลองเปรมประชากร,,,
0,128,1,0,,,,,,,0,10,มีนบุรี,Min Buri,WL.PSR.06,,จุดวัดคลองพระยาสุเรนทร์ ตอนบางชัน,"Khlong Phraya Suren Measurement Point, Bang Chan",ค.พระยาสุเรนทร์ บางชัน,"Khlong Phraya Suren, Bang Chan",1,,,,1,0,13.80274,100.70165,/Date(1790973900000)/,#676b6b,ขัดข้อง,out of order,679,03/10/2569 03:45,2026/10/03 03:45,,,,,0.82,0.82,,,,,1.4,1.1,0.8,1.0,,,,,0.82,0.92,,,,,0,#676a6c,0,คลองพระยาสุเรนทร์,,,
0,89,2,1,0.99,,,,,,0,48,ทวีวัฒนา,Thawi Watthana,WL.TWW.01,,ประตูระบายน้ำ คลองทวีวัฒนา,Khlong Thawi Watthana Water Gate,ปตร.คลองทวีวัฒนา,Khlong Thawi Watthana Water Gate,1,,,,1,2,13.80042,100.32977,/Date(1791014400000)/,#24b295,ปกติ,Normal,4,03/10/2569 15:00,2026/10/03 15:00,,,,,0.79,0.79,1.11,1.11,,,2.0,2.25,0.9,1.0,1.2,1.3,,,0.88,0.76,1.22,1.32,,,1,,0,คลองทวีวัฒนา,,,
0,240,1,0,,,,,,,0,48,ทวีวัฒนา,Thawi Watthana,WL.KSO.02,,จุดวัดคลองซอย ตอนถนนศาลาธรรมสพน์,"Khlong Soi Measurement Point, Thanon Sala Thammasop",ค.ซอย ถ.ศาลาธรรมสพน์,"Khlong Soi, Thanon Sala Thammasop",1,,,,1,2,13.80014,100.34874,/Date(1791014400000)/,#24b295,ปกติ,Normal,4,03/10/2569 15:00,2026/10/03 15:00,,,,,0.79,0.79,,,,,2.0,2.0,0.9,1.0,,,,,0.83,0.68,,,,,1,,0,คลองซอย,,,
0,239,1,0,,,,,,,0,48,ทวีวัฒนา,Thawi Watthana,WL.KSO.01,,จุดวัดคลองซอย ตอนถนนบรมราชชนนี,"Khlong Soi Measurement Point, Thanon Borommaratchachonnani",ค.ซอย ถ.บรมราชชนนี,"Khlong Soi, Thanon Borommaratchachonnani",1,,,,1,2,13.78884,100.35271,/Date(1791014400000)/,#24b295,ปกติ,Normal,4,03/10/2569 15:00,2026/10/03 15:00,,,,,0.77,0.77,,,,,2.0,2.0,0.8,0.9,,,,,0.79,0.67,,,,,1,,0,คลองซอย,,,
0,241,1,0,,,,,,,0,48,ทวีวัฒนา,Thawi Watthana,WL.TWW.02,,จุดวัดคลองทวีวัฒนา ตอนถนนบรมราชชนนี,"Khlong Tawi Watthana Measurement Point, Thanon Borommaratchachonnani",ค.ทวีวัฒนา ถ.บรมราชชนนี,"Khlong Tawi Watthana, Thanon Borommaratchachonnani",1,,,,1,2,13.78838,100.33518,/Date(1791014400000)/,#24b295,ปกติ,Normal,4,03/10/2569 15:00,2026/10/03 15:00,,,,,0.75,0.75,,,,,1.6,1.7,0.8,0.9,,,,,0.82,0.69,,,,,1,,0,คลองทวีวัฒนา,,,
0,108,2,1,0.0,,,,,,0,48,ทวีวัฒนา,Thawi Watthana,WL.SBR.01,,ประตูระบายน้ำ คลองขุนศรีบุรีรักษ์ ตอนคลองมหาสวัสดิ์,"Khun Si Buri Rak Water Gate, Khlong Maha Sawat",ปตร.คลองขุนศรีฯ-ค.มหาสวัสดิ์,"Khun Si Buri Rak Water Gate, Khlong Maha Sawat",1,,,,1,2,13.80251,100.37078,/Date(1791014400000)/,#24b295,ปกติ,Normal,4,03/10/2569 15:00,2026/10/03 15:00,,,,,0.75,0.75,1.18,1.18,,,1.98,1.98,1.8,2.0,1.8,2.0,,,0.78,0.65,1.28,1.38,,,1,,0,คลองขุนศรีบุรีรักษ์,,,
0,27,2,1,0.0,,,,,,0,10,มีนบุรี,Min Buri,WL.BKG.01,,ประตูระบายน้ำ คลองบึงขวาง,Khlong Bueng Khwang Water Gate,ปตร.คลองบึงขวาง,Khlong Bueng Khwang Water Gate,1,,,,1,4,13.79955,100.74475,/Date(1791014400000)/,#e85965,วิกฤต,Critical,4,03/10/2569 15:00,2026/10/03 15:00,,,,,0.75,0.75,-2.0,-2.0,,,1.98,1.98,0.5,0.6,0.7,0.9,,,0.78,0.79,-2.0,-2.0,,,1,,0,คลองบึงขวาง,,,
0,323,1,0,,,,,,,0,41,หลักสี่,Lak Si,WL.BBU.02,,คลองบางบัว ตอนถนนแจ้งวัฒนะ*,"Khlong Bang Bua, Thanon Chaeng Watthana*",คลองบางบัว ตอนถนนแจ้งวัฒนะ*,"Khlong Bang Bua, Thanon Chaeng Watthana*",3,https://bmawaterflow.bangkok.go.th/station?id=6c68603c-fb01-4f50-abfb-b0dd1ec74ae2,,,1,0,13.87786,100.5877,/Date(1790972100000)/,#676b6b,ขัดข้อง,out of order,709,03/10/2569 03:15,2026/10/03 03:15,,,,,0.75,0.75,,,,,,,0.84,1.04,,,,,,,,,,,0,#676a6c,0,คลองบางบัว,,,
0,18,1,0,,,,,,,0,23,หนองแขม,Nong Khaem,WL.BWK.03,,จุดวัดคลองบางแวก ตอนคลองทวีวัฒนา,"Khlong Bang Waek Measurement Point, Khlong Thawi Watthana",ค.บางแวก-ค.ทวีวัฒนา,"Khlong Bang Waek, Khlong Thawi Watthana",1,,,,1,0,13.72619,100.36426,/Date(1790624100000)/,#676b6b,ขัดข้อง,out of order,6509,29/09/2569 02:35,2026/09/29 02:35,,,,,0.74,0.74,,,,,1.91,2.0,0.7,0.8,,,,,0.77,0.98,,,,,0,#676a6c,0,คลองบางแวก,,,
0,39,2,1,3.5,,,,,,0,11,ลาดกระบัง,Lat Krabang,WL.PWT.04,,ประตูระบายน้ำ คลองประเวศบุรีรมย์ ตอนลาดกระบัง,"Khlong Prawet Buri Rom Water Gate, Lat Krabang",ปตร.คลองประเวศฯ-ลาดกระบัง,"Khlong Prawet Buri Rom Water Gate, Lat Krabang",1,,,,1,4,13.72411,100.74987,/Date(1791014400000)/,#e85965,วิกฤต,Critical,4,03/10/2569 15:00,2026/10/03 15:00,,,,,0.74,0.74,0.81,0.81,,,1.98,1.98,0.4,0.6,0.4,0.6,,,0.75,0.72,0.83,0.89,,,1,,0,คลองประเวศบุรีรมย์,,,
0,242,1,0,,,,,,,0,40,บางแค,Bang Khae,WL.TWW.03,,จุดวัดคลองทวีวัฒนา ตอนถนนเพชรเกษม,"Khlong Tawi Watthana Measurement Point, Thanon Phetkasem",ค.ทวีวัฒนา ถ.เพชรเกษม,"Khlong Tawi Watthana, Thanon Phetkasem",1,,,,1,4,13.70769,100.37369,/Date(1791014400000)/,#e85965,วิกฤต,Critical,4,03/10/2569 15:00,2026/10/03 15:00,,,,,0.74,0.74,,,,,1.8,1.6,0.6,0.7,,,,,0.74,0.66,,,,,1,,0,คลองทวีวัฒนา,,,
0,299,1,0,,,,,,,0,44,สะพานสูง,Saphan Sung,WL.KT4.01,,จุดวัดบึงรับน้ำหมู่บ้าน เคหะธานี 4,Bueng Muban Kheha Thani 4,บึงรับน้ำม.เคหะธานี 4,Bueng Muban Kheha Thani 4,1,,,,1,0,13.78244,100.71265,/Date(1790981700000)/,#676b6b,ขัดข้อง,out of order,549,03/10/2569 05:55,2026/10/03 05:55,,,,,0.74,0.74,,,,,0.6,0.6,0.4,0.5,,,,,0.76,0.88,,,,,0,#676a6c,0,บึงรับน้ำหมู่บ้าน เคหะธานี 4,,,
0,25,2,1,0.0,,,,,,0,10,มีนบุรี,Min Buri,WL.SSB.10,,ประตูระบายน้ำ คลองแสนแสบ ตอนถนนประชาร่วมใจ,"Khlong Saen Saep Water Gate, Thanon Pracha Ruam Chai",ปตร.คลองแสนแสบ-ถ.ประชาร่วมใจ,"Khlong Saen Saep, Thanon Pracha Ruam Chai",1,,,,1,4,13.82094,100.74738,/Date(1791014400000)/,#e85965,วิกฤต,Critical,4,03/10/2569 15:00,2026/10/03 15:00,,,,,0.73,0.73,1.27,1.27,,,1.0,0.95,0.5,0.6,0.7,0.9,,,0.77,0.79,1.29,1.3,,,1,,0,คลองแสนแสบ,,,
0,130,1,0,,,,,,,0,11,ลาดกระบัง,Lat Krabang,WL.STN.02,,จุดวัดคลองสองต้นนุ่น ตอนซอยร่มเกล้า 20 ,"Khlong Song Ton Nun Measurement Point, Soi Rom Klao 20",ค.สองต้นน่น ซ.ร่มเกล้า 20,"Khlong Song Ton Nun, Soi Rom Klao 20",1,,,,1,4,13.7771,100.73883,/Date(1791014400000)/,#e85965,วิกฤต,Critical,4,03/10/2569 15:00,2026/10/03 15:00,,,,,0.73,0.73,,,,,1.0,1.0,0.4,0.6,,,,,0.76,0.78,,,,,1,,0,คลองสองต้นนุ่น,,,
0,110,1,0,,,,,,,0,48,ทวีวัฒนา,Thawi Watthana,WL.TWW.04,,จุดวัดคลองทวีวัฒนา ตอนคลองบางเชือกหนัง,"Khlong Thawi Watthana Measurement Point, Khlong Bang Chueak Nang",ค.ทวีฯ-บางเชือกหนัง,"Khlong Thawi, Bang Chueak Nang",1,,,,1,2,13.75063,100.3534,/Date(1791014400000)/,#24b295,ปกติ,Normal,4,03/10/2569 15:00,2026/10/03 15:00,,,,,0.72,0.72,,,,,1.35,1.75,0.8,0.9,,,,,0.72,0.62,,,,,1,,0,คลองทวีวัฒนา,,,
0,218,1,0,,,,,,,0,48,ทวีวัฒนา,Thawi Watthana,WL.KKY.01,,จุดวัดคลองควาย ตอนถนนศาลาธรรมสพน์,"Khlong Khwai Measurement Point, Thanon Sala Thammasop",ค.ควาย ถ.ศาลาธรรมสพน์,"Khlong Khwai, Thanon Sala Thammasop",1,,,,1,2,13.79744,100.38155,/Date(1791014400000)/,#24b295,ปกติ,Normal,4,03/10/2569 15:00,2026/10/03 15:00,,,,,0.69,0.69,,,,,1.0,1.0,0.9,1.0,,,,,0.69,0.65,,,,,1,,0,คลองควาย,,,
0,219,1,0,,,,,,,0,48,ทวีวัฒนา,Thawi Watthana,WL.KKY.02,,จุดวัดคลองควาย ตอนถนนบรมราชชนนี,"Khlong Khwai Measurement Point, Thanon Borommaratchachonnani",ค.ควาย ถ.บรมราชชนนี,"Khlong Khwai, Thanon Borommaratchachonnani",1,,,,1,2,13.78593,100.38354,/Date(1791014400000)/,#24b295,ปกติ,Normal,4,03/10/2569 15:00,2026/10/03 15:00,,,,,0.68,0.68,,,,,2.0,2.0,0.9,1.0,,,,,0.68,0.58,,,,,1,,0,คลองควาย,,,
0,176,1,0,,,,,,,0,44,สะพานสูง,Saphan Sung,WL.LBK.02,,จุดวัดคลองลาดบัวขาว ตอนถนนเคหะร่มเกล้า,"Khlong Lat Bua Khao Measurement Point, Thanon Keha Rom Klao",ค.ลาดบัวขาว ถ.เคหะร่มเกล้า,"Khlong Lat Bua Khao, Thanon Keha Rom Klao",1,,,,1,4,13.76991,100.71494,/Date(1791014400000)/,#e85965,วิกฤต,Critical,4,03/10/2569 15:00,2026/10/03 15:00,,,,,0.68,0.68,,,,,1.0,1.0,0.3,0.4,,,,,0.71,0.74,,,,,1,,0,คลองลาดบัวขาว,,,
0,29,2,1,0.0,,,,,,0,43,คันนายาว,Khan Na Yao,WL.SSB.09,,ประตูระบายน้ำ คลองแสนแสบ ตอนบางชัน,"Khlong Saen Saep Water Gate, Bang Chan",ปตร.คลองแสนแสบ-บางชัน,"Khlong Saen Saep Water Gate, Bang Chan",1,,,,2,4,13.7972,100.70458,/Date(1791014400000)/,#e85965,วิกฤต,Critical,4,03/10/2569 15:00,2026/10/03 15:00,,,,,0.67,0.67,1.1,1.1,,,0.8,0.9,0.4,0.5,0.5,0.6,,,0.72,0.74,1.1,1.1,,,1,,0,คลองแสนแสบ,,,
0,214,1,0,,,,,,,0,48,ทวีวัฒนา,Thawi Watthana,WL.SBR.02,,จุดวัดคลองบางขุนศรีบุรีรักษ์ ตอนถนนบรมราชชนนี,"Khlong Bang Khun Si Buri Rak Measurement Point, Thanon Borommaratchachonnani",ค.บางขุนศรีบุรีรักษ์ ถ.บรมราชชนนี,"Khlong Bang Khun Si Buri Rak, Thanon Borommaratchachonnani",1,,,,1,2,13.78651,100.37053,/Date(1791014400000)/,#24b295,ปกติ,Normal,4,03/10/2569 15:00,2026/10/03 15:00,,,,,0.66,0.66,,,,,1.1,1.1,0.9,1.0,,,,,0.66,0.56,,,,,1,,0,คลองขุนศรีบุรีรักษ์,,,
0,154,1,0,,,,,,,0,43,คันนายาว,Khan Na Yao,WL.LCL.02,,จุดวัดคลองลำชะล่า ตอนซอยนวมินทร์ 86,"Khlong Lam Chala Measurement Point, Soi Nawamin 86",ค.ลำชะล่า ซ.นวมินทร์ 86,"Khlong Lam Chala, Soi Nawamin 86",1,,,,1,0,13.8242,100.66005,/Date(1791012600000)/,#676b6b,ขัดข้อง,out of order,34,03/10/2569 14:30,2026/10/03 14:30,,,,,0.65,0.65,,,,,1.2,1.2,0.6,0.7,,,,,0.66,0.72,,,,,0,#676a6c,0,คลองลำชะล่า,,,
0,205,1,0,,,,,,,0,11,ลาดกระบัง,Lat Krabang,WL.TPK.03,,จุดวัดคลองตาพุก ตอนคลองทับช้างบน,"Khlong Taphuk Measurement Point, Khlong Thap Chang Bon",ค.ตาพุก ค.ทับช้างบน,"Khlong Taphuk, Khlong Thap Chang Bon",1,,,,1,4,13.74247,100.70891,/Date(1791014400000)/,#e85965,วิกฤต,Critical,4,03/10/2569 15:00,2026/10/03 15:00,,,,,0.64,0.64,,,,,1.0,1.0,0.3,0.4,,,,,0.68,0.7,,,,,1,,0,คลองตาพุก,,,
0,72,1,0,,,,,,,0,38,ลาดพร้าว,Lat Phrao,WL.LPW.03,,จุดวัดคลองลาดพร้าว ช่วงซอยเสนานิคม,"Khlong Lat Phrao Measurement Point, Soi Sena Nikhom",ค.ลาดพร้าว-เสนานิคม,"Khlong Lat Phrao, Soi Sena Nikhom",1,,,,1,3,13.83224,100.58974,/Date(1791014400000)/,#f4b05b,เตือนภัย,Alert,4,03/10/2569 15:00,2026/10/03 15:00,,,,,0.64,0.64,,,,,1.0,1.1,0.6,0.75,,,,,0.64,0.85,,,,,1,,0,คลองลาดพร้าว,,,
0,273,1,0,,,,,,,0,52,อำเภอปากเกร็ดนนทบุรี,"Pak Kret District, Nonthaburi",WL.BAM.01,,จุดวัดคลองบ้านใหม่ ตอนซอยพระแม่การุณย์ 27,"Khlong Ban Mai Measurement Point, Soi Phra Mae Karun 27",ค.บ้านใหม่-ซ.พระแม่การุณย์ 27,"Khlong Ban Mai, Soi Phra Mae Karun 27",2,,,,1,2,13.95064,100.55926,/Date(1791014400000)/,#24b295,ปกติ,Normal,4,03/10/2569 15:00,2026/10/03 15:00,,,,,0.63,0.63,,,,,1.93,1.01,0.8,1.01,,,,,0.68,0.61,,,,,1,,0,คลองบ้านใหม่,,,
0,177,1,0,,,,,,,0,44,สะพานสูง,Saphan Sung,WL.LBK.03,,จุดวัดคลองลาดบัวขาว ตอนซอยกาญจนาภิเษก 24,"Khlong Lat Bua Khao Measurement Point, Soi Kanchanaphisek 24",ค.ลาดบัวขาว ซ.กาญจนาภิเษก 24,"Khlong Lat Bua Khao, Soi Kanchanaphisek 24",1,,,,1,4,13.74974,100.70291,/Date(1791014400000)/,#e85965,วิกฤต,Critical,4,03/10/2569 15:00,2026/10/03 15:00,,,,,0.62,0.62,,,,,1.85,1.97,0.3,0.4,,,,,0.66,0.69,,,,,1,,0,คลองลาดบัวขาว,,,
0,206,1,0,,,,,,,0,32,ประเวศ,Prawet,WL.TPK.02,,จุดวัดคลองตาพุก ตอนถนนลาดกระบัง,"Khlong Taphuk Measurement Point, Thanon Lat Krabang",ค.ตาพุก ถ.ลาดกระบัง,"Khlong Taphuk, Thanon Lat Krabang",1,,,,1,4,13.72193,100.70919,/Date(1791014400000)/,#e85965,วิกฤต,Critical,4,03/10/2569 15:00,2026/10/03 15:00,,,,,0.61,0.61,,,,,1.0,1.0,0.3,0.4,,,,,0.63,0.64,,,,,1,,0,คลองตาพุก,,,
0,313,1,0,,,,,,,0,21,บางขุนเทียน,Bang Khun Thian,WL.RMN.01,,คลองรางแม่น้ำ ช่วงซอยประชาอุทิศ 76*,"Khlong Rang Mae Nam, Soi Pracha Uthit 76 Section*",คลองรางแม่น้ำ ช่วงซอยประชาอุทิศ 76*,"Khlong Rang Mae Nam, Soi Pracha Uthit 76 Section*",3,https://bmawaterflow.bangkok.go.th/station?id=05c34dfa-092c-4c4a-b564-8246b42e2886,,,1,0,13.61373,100.48143,/Date(1790972400000)/,#676b6b,ขัดข้อง,out of order,704,03/10/2569 03:20,2026/10/03 03:20,,,,,0.61,0.61,,,,,,,2.0,3.4,,,,,,,,,,,0,#676a6c,0,คูน้ำมณฑลทหารบกที่ 11,,,
0,10,1,0,,,,,,,0,48,ทวีวัฒนา,Thawi Watthana,WL.BPM.03,,จุดวัดคลองบางพรม ตอนถนนกาญจนาภิเษก,"Khlong Bang Phrom Measurement Point, Thanon Kanchanaphisek",ค.บางพรม ถ.กาญจนาฯ,"Khlong Bang Phrom, Thanon Kanchanaphisek",1,,,,1,3,13.76264,100.39624,/Date(1791014400000)/,#f4b05b,เตือนภัย,Alert,4,03/10/2569 15:00,2026/10/03 15:00,,,,,0.6,0.6,,,,,1.91,2.0,0.6,0.7,,,,,0.6,0.58,,,,,1,,0,คลองบางพรม,,,
0,11,1,0,,,,,,,0,48,ทวีวัฒนา,Thawi Watthana,WL.BPM.04,,จุดวัดคลองบางพรม ตอนถนนพุทธมณฑลสาย 3,"Khlong Bang Phrom Measurement Point, Thanon Phuttha Monthon Sai 3",ค.บางพรม ถ.พุทธฯสาย 3,"Khlong Bang Phrom, Thanon Phuttha Monthon Sai 3",1,,,,1,3,13.76866,100.36401,/Date(1791014400000)/,#f4b05b,เตือนภัย,Alert,4,03/10/2569 15:00,2026/10/03 15:00,,,,,0.6,0.6,,,,,1.91,2.0,0.6,1.0,,,,,0.6,0.51,,,,,1,,0,คลองบางพรม,,,
0,129,1,0,,,,,,,0,10,มีนบุรี,Min Buri,WL.STN.01,,จุดวัดคลองสองต้นนุ่น ตอนถนนรามคำแหง,"Khlong Song Ton Nun Measurement Point, Thanon Ramkhamhaeng",ค.สองต้นนุ่น ถ.รามคำแหง ,"Khlong Song Ton Nun, Thanon Ramkhamhaeng",1,,,,1,3,13.80817,100.73067,/Date(1791014100000)/,#f4b05b,เตือนภัย,Alert,9,03/10/2569 14:55,2026/10/03 14:55,,,,,0.58,0.58,,,,,2.0,2.0,0.4,0.6,,,,,0.62,0.64,,,,,1,,0,คลองสองต้นนุ่น,,,
0,319,1,0,,,,,,,0,57,อำเภอกระทุ่มแบน สมุทรสาคร,"Krathum Baen District, Samut Sakhon",WL.PSC.06,,คลองภาษีเจริญ ช่วงโครงการส่งน้ำและบำรุงรักษาภาษีเจริญ*,"Khlong Phasi Charoen, Phasi Charoen Operation and Maintenance Project*",คลองภาษีเจริญ ช่วงโครงการส่งน้ำและบำรุงรักษาภาษีเจริญ*,"Khlong Phasi Charoen, Phasi Charoen Operation and Maintenance Project*",3,https://bmawaterflow.bangkok.go.th/station?id=0f3da4d0-9cfc-4a67-acae-9e26c4144718,,,1,0,13.6462,100.2373,/Date(1790972100000)/,#676b6b,ขัดข้อง,out of order,709,03/10/2569 03:15,2026/10/03 03:15,,,,,0.58,0.58,,,,,,,230.0,440.0,,,,,,,,,,,0,#676a6c,0,คลองภาษีเจริญ,,,
0,17,1,0,,,,,,,0,22,ภาษีเจริญ,Phasi Charoen,WL.BWK.02,,จุดวัดคลองบางแวก ตอนถนนพุทธมณฑลสาย 1,"Khlong Bang Waek Measurement Point, Thanon Phuttha Monthon Sai 1",ค.บางแวก ถ.พุทธฯฑลสาย 1,"Khlong Bang Waek, Thanon Phuttha Monthon Sai 3",1,,,,1,2,13.73345,100.43283,/Date(1791014400000)/,#24b295,ปกติ,Normal,4,03/10/2569 15:00,2026/10/03 15:00,,,,,0.56,0.56,,,,,1.91,2.0,0.6,0.7,,,,,0.58,0.57,,,,,1,,0,คลองบางแวก,,,
0,7,1,0,,,,,,,0,41,หลักสี่,Lak Si,WL.BKA.04,,จุดวัดคลองบางเขน ช่วงถนนวิภาวดีรังสิต,"Khlong Bang Khen Measurement Point, Thanon Vibhavadi Rangsit",ค.บางเขน ถ.วิภาวดีฯ,"Khlong Bang Khen, Thanon Vibhavadi",1,,,,1,2,13.85572,100.56673,/Date(1791014400000)/,#24b295,ปกติ,Normal,4,03/10/2569 15:00,2026/10/03 15:00,,,,,0.55,0.55,,,,,1.5,1.45,0.6,0.7,,,,,0.55,0.83,,,,,1,,0,คลองบางเขน,,,
0,263,1,0,,,,,,,0,32,ประเวศ,Prawet,WL.PNM.01,,จุดวัดคลองปากน้ำ ตอนถนนคู่ขนานกาญจนาภิเษก,"Khlong Pak Nam Measurement Point, Thanon Kanchanaphisek Frontage",ค.ปากน้ำ ถ.คู่ขนานกาญจนาภิเษก,"Khlong Pak Nam, Thanon Kanchanaphisek Frontage",1,,,,1,4,13.68035,100.69899,/Date(1791014400000)/,#e85965,วิกฤต,Critical,4,03/10/2569 15:00,2026/10/03 15:00,,,,,0.53,0.53,,,,,0.45,0.45,0.2,0.3,,,,,0.59,0.65,,,,,1,,0,คลองปากน้ำ,,,
0,290,1,0,,,,,,,0,48,ทวีวัฒนา,Thawi Watthana,WL.BNS.01,,จุดวัดคลองบ้านไทร ตอนถนนพุทธมณฑลสาย 2,"Khlong Ban Sai Measurement Point, Thanon Phutthamonthon Sai 2",ค.บ้านไทร-ถ.พุทธมณฑลสาย 2,"Khlong Ban Sai, Thanon Phutthamonthon Sai 2",2,,,,1,2,13.78274,100.3949,/Date(1791014400000)/,#24b295,ปกติ,Normal,4,03/10/2569 15:00,2026/10/03 15:00,,,,,0.52,0.52,,,,,3.47,3.53,2.78,3.47,,,,,0.52,0.42,,,,,1,,0,คลองบ้านไทร,,,
0,2,1,0,,,,,,,0,40,บางแค,Bang Khae,WL.BCN.03,,จุดวัดคลองบางเชือกหนัง ตอนถนนพุทธมณฑลสาย 2,"Khlong Bang Chueak Nang Measurementment Point, Thanon Phuttha Monthon Sai 2",ค.บางเชือกหนัง ถ.พุทธฯสาย 2 ,"Khlong Bang Chueak Nang, Thanon Phuttha Monthon Sai 2",1,,,,1,2,13.75173,100.39162,/Date(1791014400000)/,#24b295,ปกติ,Normal,4,03/10/2569 15:00,2026/10/03 15:00,,,,,0.52,0.52,,,,,1.62,1.62,0.7,1.0,,,,,0.53,0.53,,,,,1,,0,คลองบางเชือกหนัง,,,
0,305,1,0,,,,,,,0,35,จอมทอง,Chom Thong,WL.BMD.01,,คลองบางมด ตอนซอยพุทธบูชา 24*,"Khlong Bang Mod, Soi Phuttha Bucha 24*",คลองบางมด ตอนซอยพุทธบูชา 24*,"Khlong Bang Mod, Soi Phuttha Bucha 24*",3,https://bmawaterflow.bangkok.go.th/station?id=b997d3a6-8281-42c6-8cfd-3f246d73400f,,,1,0,13.66071,100.46997,/Date(1790972100000)/,#676b6b,ขัดข้อง,out of order,709,03/10/2569 03:15,2026/10/03 03:15,,,,,0.51,0.51,,,,,,,1.8,2.0,,,,,,,,,,,0,#676a6c,0,คลองบางมด,,,
0,88,1,0,,,,,,,0,27,บึงกุ่ม,Bueng Kum,WL.SSB.08,,จุดวัดคลองแสนแสบ ช่วงซอยเสรีไทย 24,"Saen Saep Khlong Measurement Point, Soi Seri Thai 24",ค.แสนแสบ-เสรีไทย 24,"Saen Saep Khlong, Seri Thai 24",1,,,,1,4,13.7805,100.67387,/Date(1791014400000)/,#e85965,วิกฤต,Critical,4,03/10/2569 15:00,2026/10/03 15:00,,,,,0.5,0.5,,,,,0.75,0.7,0.35,0.45,,,,,0.54,0.61,,,,,1,,0,คลองแสนแสบ,,,
0,4,1,0,,,,,,,0,40,บางแค,Bang Khae,WL.BJK.04,,จุดวัดคลองบางจาก ตอนถนนพุทธมณฑลสาย 2 ,"Khlong Bang Chak Measurement Point, Thanon Phuttha Monthon Sai 2",ค.บางจาก ถ.พุทธฯสาย 2 ,"Khlong Bang Chak, Thanon Phuttha Monthon Sai 2 ",1,,,,1,2,13.71484,100.39596,/Date(1791014400000)/,#24b295,ปกติ,Normal,4,03/10/2569 15:00,2026/10/03 15:00,,,,,0.49,0.49,,,,,1.59,1.75,0.6,0.7,,,,,0.52,0.51,,,,,1,,0,คลองบางจาก,,,
0,1,1,0,,,,,,,0,40,บางแค,Bang Khae,WL.BCN.01,,จุดวัดคลองบางเชือกหนัง ตอนถนนกาญจนาภิเษก,"Khlong Bang Chueak Nang Measurementment Point, Thanon Kanchanaphisek ",ค.บางเชือกหนัง ถ.กาญจนาฯ ,"Khlong Bang Chueak Nang, Thanon Kanchana",1,,,,1,2,13.74925,100.40654,/Date(1791014400000)/,#24b295,ปกติ,Normal,4,03/10/2569 15:00,2026/10/03 15:00,,,,,0.47,0.47,,,,,2.11,1.26,0.6,0.7,,,,,0.48,0.48,,,,,1,,0,คลองบางเชือกหนัง,,,
0,93,1,0,,,,,,,0,22,ภาษีเจริญ,Phasi Charoen,WL.BCN.02,,จุดวัดคลองบางเชือกหนัง ตอนถนนพุทธมณฑลสาย 1,"Khlong Bang Chueak Nang Measurementment Point, Thanon Phuttha Monthon Sai 1",ค.บางเชือกหนัง-ถ.พุทธมณฑลสาย 1,"Khlong Bang Chueak Nang, Thanon Phuttha Monthon Sai 1",1,,,,1,2,13.74219,100.42747,/Date(1791014400000)/,#24b295,ปกติ,Normal,4,03/10/2569 15:00,2026/10/03 15:00,,,,,0.46,0.46,,,,,1.85,1.97,0.6,0.7,,,,,0.47,0.48,,,,,1,,0,คลองบางเชือกหนัง,,,
0,252,1,0,,,,,,,0,40,บางแค,Bang Khae,WL.BJK.02,,จุดวัดคลองบางจาก ตอนซอยเพชรเกษม 68 ,"Khlong Bang Chak Measurement Point, Soi Petchkasem 68",ค.บางจาก ซ.เพชรเกษม 68,"Khlong Bang Chak, Soi Petchkasem 68",1,,,,1,2,13.71575,100.41648,/Date(1791014400000)/,#24b295,ปกติ,Normal,4,03/10/2569 15:00,2026/10/03 15:00,,,,,0.46,0.46,,,,,1.2,1.2,0.7,0.8,,,,,0.47,0.48,,,,,1,,0,คลองบางจาก,,,
0,247,1,0,,,,,,,0,19,ตลิ่งชัน,Taling Chan,WL.KBU.02,,จุดวัดคลองบัว ตอนถนนพุทธมณฑลสาย 1,"Khlong Bua Measurement Point, Thanon Phutthamonthon Sai 1",ค.บัว ถ.พุทธมณฑลสาย 1,"Khraw Bua, Thanon Phutthamonthon Sai 1",1,,,,1,2,13.7797,100.42681,/Date(1791014400000)/,#24b295,ปกติ,Normal,4,03/10/2569 15:00,2026/10/03 15:00,,,,,0.45,0.45,,,,,1.4,1.4,0.9,1.0,,,,,0.51,0.5,,,,,1,,0,คลองบัว,,,
0,190,1,0,,,,,,,0,27,บึงกุ่ม,Bueng Kum,WL.BTY.01,,จุดวัดคลองบางเตย ตอนถนนนวมินทร์ 66/3,"Khlong Bang Toei Measurement Point, Thanon Nawamin 66/3",ค.บางเตย ถ.นวมินทร์ 66/3,"Khlong Bang Toei, Thanon Nawamin 66/3",1,,,,1,3,13.8065,100.64899,/Date(1791014400000)/,#f4b05b,เตือนภัย,Alert,4,03/10/2569 15:00,2026/10/03 15:00,,,,,0.45,0.45,,,,,1.8,1.8,0.4,0.5,,,,,0.52,0.66,,,,,1,,0,คลองบางเตย,,,
0,40,2,2,5.8,5.9,,,,,0,32,ประเวศ,Prawet,WL.PWT.03,,ประตูระบายน้ำ คลองประเวศบุรีรมย์ ตอนวัดกระทุ่มเสือปลา,"Khlong Prawet Buri Rom Water Gate, Wat Krathum Suea Pla",ปตร.คลองประเวศฯ-วัดกระทุ่มฯ,"Khlong Prawet Buri Rom Water Gate, Wat Krathum Suea Pla",1,,,,1,4,13.72396,100.68956,/Date(1791014400000)/,#e85965,วิกฤต,Critical,4,03/10/2569 15:00,2026/10/03 15:00,,,,,0.45,0.45,0.46,0.46,,,1.05,1.05,0.2,0.2,0.2,0.4,,,0.5,0.52,0.5,0.53,,,1,,0,คลองประเวศบุรีรมย์,,,
0,100,1,0,,,,,,,0,40,บางแค,Bang Khae,WL.TWW.05,,จุดวัดคลองทวีวัฒนา ตอนคลองภาษีเจริญ,"Khlong Thawi Watthana Measurementment Point, Khlong Phasi Charoen",ค.ทวีวัฒนา-ภาษีฯ,"Khlong Thawi Watthana, Phasi Charoen",1,,,,1,2,13.69163,100.38106,/Date(1791014400000)/,#24b295,ปกติ,Normal,4,03/10/2569 15:00,2026/10/03 15:00,,,,,0.44,0.44,,,,,1.2,1.2,0.6,0.7,,,,,0.48,0.52,,,,,1,,0,คลองทวีวัฒนา,,,
0,112,1,0,,,,,,,0,50,บางบอน,Bang Bon,WL.BBN.03,,จุดวัดคลองบางบอน ตอนคลองสะแกงาม,"Khlong Bang Bon Measurement Point, Khlong Sakae Ngam",ค.บางบอน-ค.สะแกงาม,"Khlong Bang Bon, Khlong Sakae Ngam",1,,,,1,3,13.64249,100.37944,/Date(1791014400000)/,#f4b05b,เตือนภัย,Alert,4,03/10/2569 15:00,2026/10/03 15:00,,,,,0.44,0.44,,,,,1.84,1.93,0.4,0.5,,,,,0.51,0.72,,,,,1,,0,คลองบางบอน,,,
0,183,1,0,,,,,,,0,40,บางแค,Bang Khae,WL.RSK.01,,จุดวัดคลองราษฎร์สามัคคี ตอนถนนเพชรเกษม 63,"Khlong Rat Samakkhi Measurement Point, Thanon Petchkasem 63",ค.ราษฎร์สามัคคี ถ.เพชรเกษม 63,"Khlong Rat Samakkhi, Thanon Petchkasem 63",1,,,,1,2,13.70339,100.39142,/Date(1791014400000)/,#24b295,ปกติ,Normal,4,03/10/2569 15:00,2026/10/03 15:00,,,,,0.44,0.44,,,,,1.85,1.97,0.6,0.7,,,,,0.47,0.52,,,,,1,,0,คลองราษฎร์สามัคคี,,,
0,3,1,0,,,,,,,0,22,ภาษีเจริญ,Phasi Charoen,WL.BJK.03,,จุดวัดคลองบางจาก ตอนคลองบางหว้า,"Khlong Bang Chak Measurement Point, Khlong Bang Wa",ค.บางจาก-ค.บางหว้า ,"Khlong Bang Chak, Khlong Bang Wa",1,,,,1,2,13.71868,100.44174,/Date(1791014400000)/,#24b295,ปกติ,Normal,4,03/10/2569 15:00,2026/10/03 15:00,,,,,0.42,0.42,,,,,1.32,1.07,0.6,0.7,,,,,0.44,0.45,,,,,1,,0,คลองบางจาก,,,
0,9,1,0,,,,,,,0,19,ตลิ่งชัน,Taling Chan,WL.BPM.02,,จุดวัดคลองบางพรม ตอนถนนฉิมพลี,"Khlong Bang Phrom Measurement Point, Thanon Chimphli",ค.บางพรม ถ.ฉิมพลี,"Khlong Bang Phrom, Thanon Chimphli",1,,,,1,2,13.75707,100.43334,/Date(1791014400000)/,#24b295,ปกติ,Normal,4,03/10/2569 15:00,2026/10/03 15:00,,,,,0.42,0.42,,,,,1.91,2.0,0.6,0.7,,,,,0.45,0.47,,,,,1,,0,คลองบางพรม,,,
0,314,1,0,,,,,,,0,40,บางแค,Bang Khae,WL.BKK.01,,คลองบางขี้แก้ง ตอนถนนพุทธมณฑลสาย2*,"Khlong Bang Khi Kaeng, Thanon Phutthamonthon Sai 2*",คลองบางขี้แก้ง ตอนถนนพุทธมณฑลสาย2*,"Khlong Bang Khi Kaeng, Thanon Phutthamonthon Sai 2*",3,https://bmawaterflow.bangkok.go.th/station?id=a60712e9-7f08-476b-9198-87aa6d4f640b,,,1,0,13.72276,100.3952,/Date(1790972400000)/,#676b6b,ขัดข้อง,out of order,704,03/10/2569 03:20,2026/10/03 03:20,,,,,0.42,0.42,,,,,,,1.12,1.32,,,,,,,,,,,0,#676a6c,0,คลองบางขี้แก้ง,,,
0,90,2,1,0.0,,,,,,0,19,ตลิ่งชัน,Taling Chan,WL.KBU.01,,ประตูระบายน้ำ คลองบัว ตอนทางรถไฟสายใต้,"Khlong Bua Water Gate, Southern Railway",ปตร.คลองบัว ทางรถไฟ,"Bua Khlong Water Gate, Railway",1,,,,1,2,13.79993,100.41599,/Date(1791014400000)/,#24b295,ปกติ,Normal,4,03/10/2569 15:00,2026/10/03 15:00,,,,,0.41,0.41,1.7,1.7,,,1.98,1.98,0.7,0.8,1.8,2.0,,,0.55,0.49,1.74,1.71,,,1,,0,คลองบัว,,,
0,109,1,0,,,,,,,0,22,ภาษีเจริญ,Phasi Charoen,WL.BKY.02,,จุดวัดคลองบางเชือกหนัง ตอนวัดปากน้ำฝั่งใต้,"Khlong Bang Chueak Nang Measurement Point, Wat Paknam Fang Tai",ค.บางเชือกหนัง-วัดปากน้ำฝั่งใต้,"Khlong Bang Chueak Nang, Wat Paknam Fang Tai",1,,,,1,2,13.74358,100.45955,/Date(1791014400000)/,#24b295,ปกติ,Normal,4,03/10/2569 15:00,2026/10/03 15:00,,,,,0.4,0.4,,,,,1.8,1.9,0.6,0.7,,,,,0.45,0.42,,,,,1,,0,คลองบางเชือกหนัง,,,
0,294,1,0,,,,,,,0,23,หนองแขม,Nong Khaem,WL.PSC.05,,จุดวัดคลองภาษีเจริญ ตอนวัดหนองแขม,"Khlong Phasi Charoen Measurement Point, Wat Nong Khaem",ค.ภาษีเจริญ-วัดหนองแขม,"Khlong Phasi Charoen, Wat Nong Khaem",1,,,,1,2,13.67753,100.33789,/Date(1791014400000)/,#24b295,ปกติ,Normal,4,03/10/2569 15:00,2026/10/03 15:00,,,,,0.38,0.38,,,,,1.85,2.0,0.6,0.7,,,,,0.49,0.54,,,,,1,,0,คลองภาษีเจริญ,,,
0,254,1,0,,,,,,,0,22,ภาษีเจริญ,Phasi Charoen,WL.YPE.01,,จุดคลองยายเพียร ตอนถนนเพชรเกษม,"Khlong Yai Phian Measurement Point, Thanon Petchkasem",ค.ยายเพียร ถ.เพชรเกษม,"Khlong Yai Phian, Thanon Petchkasem",1,,,,1,2,13.71253,100.43219,/Date(1791014400000)/,#24b295,ปกติ,Normal,4,03/10/2569 15:00,2026/10/03 15:00,,,,,0.37,0.37,,,,,0.75,0.75,1.65,1.85,,,,,0.39,0.41,,,,,1,,0,คลองยายเพียร,,,
0,158,1,0,,,,,,,0,36,ดอนเมือง,Don Mueang,WL.NK3.01,,จุดวัดคลองคูนายกิมสาย 3  ตอนถนนประชาอุทิศ,"Khlong Khunai Kim Sai 3 Measurement Point, Thanon Pracha Uthit",ค.คูนายกิมสาย 3  ถ.ประชาอุทิศ,"Khlong Khunai Kim Sai 3, Thanon Pracha Uthit",1,,,,1,2,13.9272,100.58565,/Date(1791014400000)/,#24b295,ปกติ,Normal,4,03/10/2569 15:00,2026/10/03 15:00,,,,,0.37,0.37,,,,,2.0,2.0,0.7,0.9,,,,,0.4,-0.28,,,,,1,,0,คูนายกิมสาย 3,,,
0,262,1,0,,,,,,,0,32,ประเวศ,Prawet,WL.JKK.01,,จุดวัดคลองจระเข้ขบ ตอนถนนสุขาภิบาล 2 ซอย 2,"Khlong Charakhe Khop Measurement Point, Thanon Sukhaphiban 2, Soi 2",ค.จระเข้ขบ-ถ.สุขาภิบาล2 ซ.2,"Khlong Charakhe Khop, Thanon Sukhaphiban 2, Soi 2",1,,,,1,0,13.71579,100.70241,/Date(1790994300000)/,#676b6b,ขัดข้อง,out of order,339,03/10/2569 09:25,2026/10/03 09:25,,,,,0.36,0.36,,,,,0.85,0.85,0.2,0.6,,,,,0.41,0.56,,,,,0,#676a6c,0,คลองจระเข้ขบ,,,
0,16,1,0,,,,,,,0,22,ภาษีเจริญ,Phasi Charoen,WL.BWK.01,,จุดวัดคลองบางแวก ตอนคลองบางกอกใหญ่,"Khlong Bang Waek Measurement Point, Khlong Bangkok Yai",ค.บางแวก-ค.บางกอกใหญ่,"Khlong Bang Waek, Khlong Bangkok Yai",1,,,,1,2,13.73823,100.45901,/Date(1791014400000)/,#24b295,ปกติ,Normal,4,03/10/2569 15:00,2026/10/03 15:00,,,,,0.36,0.36,,,,,1.9,2.0,0.8,0.9,,,,,0.4,0.38,,,,,1,,0,คลองบางแวก,,,
0,95,2,4,0.0,0.0,0.0,0.0,,,0,22,ภาษีเจริญ,Phasi Charoen,WL.PSC.01,,สถานีสูบน้ำ คลองภาษีเจริญ,Khlong Phasi Charoen Pumping Station,ส.คลองภาษีเจริญ,Khlong Phasi Charoen Pumping Station,1,,,,1,2,13.72221,100.46868,/Date(1791014400000)/,#24b295,ปกติ,Normal,4,03/10/2569 15:00,2026/10/03 15:00,,,,,0.35,0.35,0.37,0.37,,,1.2,1.25,0.7,0.8,0.7,0.8,,,0.39,0.37,0.43,0.41,,,1,,0,คลองภาษีเจริญ,,,
0,103,2,1,7.5,,,,,,0,49,ทุ่งครุ,Thung Khru,WL.RJK.01,,ประตูระบายน้ำ คลองรางจาก ตอนถนนประชาอุทิศ,"Khlong Rang Jak Water Gate, Thanon Pracha Uthit",ปตร.คลองรางจาก-ประชาอุทิศ,"Khlong Rang Jak Water Gate, Pracha Uthit",1,,,,1,2,13.63487,100.50202,/Date(1791014400000)/,#24b295,ปกติ,Normal,4,03/10/2569 15:00,2026/10/03 15:00,,,,,0.35,0.35,0.35,0.35,,,2.0,1.98,0.55,0.6,1.0,1.2,,,0.45,0.46,0.45,0.46,,,1,,0,คลองรางจาก,,,
0,96,1,0,,,,,,,0,22,ภาษีเจริญ,Phasi Charoen,WL.PSC.03,,จุดวัดคลองราชมนตรี ตอนคลองภาษีเจริญ,"Khlong Ratchamontri Measurementment Point, Khlong Phasi Charoen ",ค.ราชมนตรี-ภาษีเจริญ,"Khlong Ratchamontri, Phasi Charoen",1,,,,1,2,13.70818,100.42615,/Date(1791014400000)/,#24b295,ปกติ,Normal,4,03/10/2569 15:00,2026/10/03 15:00,,,,,0.34,0.34,,,,,1.3,1.3,0.6,0.7,,,,,0.36,0.39,,,,,1,,0,คลองภาษีเจริญ,,,
0,280,1,0,,,,,,,0,22,ภาษีเจริญ,Phasi Charoen,WL.CPA.02,,จุดวัดคลองชักพระ ตอนวัดคูหาสวรรค์,"Khlong Chak Phra Measurement Point, Wat Khuhasawan",ค.ชักพระ วัดคูหาสวรรค์,"Khlong Chak Phra, Wat Khuhasawan",2,,,,1,2,13.73232,100.46284,/Date(1791014400000)/,#24b295,ปกติ,Normal,4,03/10/2569 15:00,2026/10/03 15:00,,,,,0.34,0.34,,,,,1.16,1.2,0.93,1.16,,,,,0.37,0.35,,,,,1,,0,คลองชักพระ,,,
0,287,1,0,,,,,,,0,50,บางบอน,Bang Bon,WL.MCM.01,,จุดวัดคลองหมื่นแช่ม ตอนถนนเอกชัย,"Khlong Muen Cham Measurement Point, Thanon Ekkachai",ค.หมื่นแช่ม-ถ.เอกชัย,"Khlong Muen Cham, Thanon Ekkachai",2,,,,1,2,13.64931,100.38578,/Date(1791014400000)/,#24b295,ปกติ,Normal,4,03/10/2569 15:00,2026/10/03 15:00,,,,,0.33,0.33,,,,,1.4,1.4,1.12,1.4,,,,,0.39,0.49,,,,,1,,0,คลองหมื่นแช่ม,,,
0,250,1,0,,,,,,,0,22,ภาษีเจริญ,Phasi Charoen,WL.PSC.02,,จุดวัดคลองภาษีเจริญ ตอนวัดรางบัว,"Khlong Phasi Charoen Measurement Point, Wat Rang Bua",ค.ภาษีเจริญ วัดรางบัว,"Khlong Phasi Charoen, Wat Rang Bua",1,,,,1,2,13.71167,100.43889,/Date(1791014400000)/,#24b295,ปกติ,Normal,4,03/10/2569 15:00,2026/10/03 15:00,,,,,0.33,0.33,,,,,1.5,1.5,0.7,0.8,,,,,0.36,0.38,,,,,1,,0,คลองภาษีเจริญ,,,
0,94,2,3,3.87,0.0,0.0,,,,0,15,ธนบุรี,Thon Buri,WL.BKY.01,,สถานีสูบน้ำ คลองบางกอกใหญ่,Khlong Bangkok Yai Pumping Station,ส.คลองบางกอกใหญ่,Khlong Bangkok Yai Pumping Station,1,,,,1,2,13.7402,100.48992,/Date(1791014400000)/,#24b295,ปกติ,Normal,4,03/10/2569 15:00,2026/10/03 15:00,,,,,0.33,0.33,1.72,1.72,,,3.0,3.0,0.8,0.9,2.3,2.5,,,0.42,0.43,1.88,1.9,,,1,,0,คลองบางกอกใหญ่,,,
0,68,1,0,,,,,,,0,30,จตุจักร,Chatuchak,WL.KPM.03,,จุดวัดคลองเปรมประชากร ช่วงวัดเทวสุนทร,"Khlong Prem Prachakorn Measurement Point, Wat Thewasunthon",ค.เปรมฯ-วัดเทวฯ,"Khlong Prem Prachakorn, Wat Thewasunthon",1,,,,1,4,13.85069,100.56091,/Date(1791014400000)/,#e85965,วิกฤต,Critical,4,03/10/2569 15:00,2026/10/03 15:00,,,,,0.32,0.32,,,,,1.0,1.0,0.1,0.2,,,,,0.32,0.7,,,,,1,,0,คลองเปรมประชากร,,,
0,98,1,0,,,,,,,0,35,จอมทอง,Chom Thong,WL.SNC.02,,จุดวัดคลองสนามชัย ตอนคลองบางขุนเทียน,"Khlong Sanam Chai Measurement Point, Khlong Bang Khun Thian",ค.สนามชัย-บางขุนเทียน,"Khlong Sanam Chai, Bang Khun Thian",1,,,,1,2,13.70099,100.46486,/Date(1791014400000)/,#24b295,ปกติ,Normal,4,03/10/2569 15:00,2026/10/03 15:00,,,,,0.31,0.31,,,,,1.2,1.0,0.5,0.6,,,,,0.45,0.5,,,,,1,,0,คลองสนามชัย,,,
0,92,2,3,7.49,0.0,0.0,,,,0,20,บางกอกน้อย,Bangkok Noi,WL.KMN.01,,สถานีสูบน้ำ คลองมอญ,Khlong Mon Pumping Station,ส.คลองมอญ,Khlong Mon Pumping Station,1,,,,1,2,13.74703,100.48489,/Date(1791014400000)/,#24b295,ปกติ,Normal,4,03/10/2569 15:00,2026/10/03 15:00,,,,,0.3,0.3,1.7,1.7,,,1.0,3.0,0.8,0.9,2.3,2.5,,,0.41,0.38,1.86,1.88,,,1,,0,คลองมอญ,,,
0,8,1,0,,,,,,,0,19,ตลิ่งชัน,Taling Chan,WL.BPM.01,,จุดวัดคลองบางพรม ตอนคลองชักพระ,"Khlong Bang Phrom Measurement Point, Khlong Chak Phra ",ค.บางพรม-ค.ชักพระ,"Khlong Bang Phrom, Khlong Chak Phra ",1,,,,1,2,13.75973,100.45337,/Date(1791014400000)/,#24b295,ปกติ,Normal,4,03/10/2569 15:00,2026/10/03 15:00,,,,,0.29,0.29,,,,,1.87,2.0,0.6,0.7,,,,,0.38,0.37,,,,,1,,0,คลองบางพรม,,,
0,99,2,3,6.64,0.0,6.09,,,,0,24,ราษฎร์บูรณะ,Rat Burana,WL.DKN.01,,สถานีสูบน้ำ ดาวคะนอง,Dao Khanong Pumping Station,ส.ดาวคะนอง,Dao Khanong Pumping Station,1,,,,1,2,13.69486,100.48759,/Date(1791014400000)/,#24b295,ปกติ,Normal,4,03/10/2569 15:00,2026/10/03 15:00,,,,,0.28,0.28,1.46,1.46,,,1.8,2.8,0.7,0.8,2.1,2.3,,,0.35,0.36,1.72,1.79,,,1,,0,คลองดาวคะนอง,,,
0,306,1,0,,,,,,,0,27,บึงกุ่ม,Bueng Kum,WL.BKH.01,,คลองบางขวด ตอนซอยนวลจันทร์ 36*,"Khlong Bang Khuat, Soi Nuan Chan 36*",คลองบางขวด ตอนซอยนวลจันทร์ 36*,"Khlong Bang Khuat, Soi Nuan Chan 36*",3,https://bmawaterflow.bangkok.go.th/station?id=b4d9913b-83cb-451e-83dd-42c2bea78e17,,,1,0,13.82881,100.6461,/Date(1790972100000)/,#676b6b,ขัดข้อง,out of order,709,03/10/2569 03:15,2026/10/03 03:15,,,,,0.28,0.28,,,,,,,1.8,2.0,,,,,,,,,,,0,#676a6c,0,คลองบางขวด,,,
0,285,1,0,,,,,,,0,32,ประเวศ,Prawet,WL.MTG.01,,จุดวัดบึงรับน้ำหมู่บ้านเมืองทองการ์เด้น ตอนประตูระบายน้ำ แก้มลิง หมู่บ้านเมืองทองการ์เด้น,"Bueng Muban Muang Thong Garden Measurement Point, Water Gate, Kaem Ling Project",บึงรับน้ำ ม.เมืองทองการ์เด้น ปตร.  แก้มลิง ม.เมืองทองการ์เด้น,"Bueng Muban Muang Thong Garden, Water Gate, Kaem Ling Project",2,,,,1,2,13.72417,100.66429,/Date(1791014400000)/,#24b295,ปกติ,Normal,4,03/10/2569 15:00,2026/10/03 15:00,,,,,0.28,0.28,,,,,1.83,1.86,1.46,1.83,,,,,0.37,0.43,,,,,1,,0,บึงรับน้ำหมู่บ้านเมืองทองการ์เด้น,,,
0,288,1,0,,,,,,,0,6,บางกะปิ,Bang Kapi,WL.BMA.02,,จุดวัดคลองบ้านม้า ตอนถนนรามคำแหง,"Khlong Ban Ma Measurement Point, Thanon Ramkhamhaeng",ค.บ้านม้า-ถ.รามคำแหง,"Khlong Ban Ma, Thanon Ramkhamhaeng",2,,,,1,2,13.77281,100.66569,/Date(1791014400000)/,#24b295,ปกติ,Normal,4,03/10/2569 15:00,2026/10/03 15:00,,,,,0.27,0.27,,,,,2.75,2.68,2.14,2.68,,,,,1.7,3.17,,,,,1,,0,คลองบ้านม้า,,,
0,220,1,0,,,,,,,0,50,บางบอน,Bang Bon,WL.BPN.02,,จุดวัดคลองบางพราน ตอนถนนบางบอน 2,"Khlong Bang Phra Measurement Point, Thanon Bang Bon 2",ค.บางพราน ถ.บางบอน 2,"Khlong Bang Phra, Thanon Bang Bon 2",1,,,,1,2,13.66731,100.40662,/Date(1791014400000)/,#24b295,ปกติ,Normal,4,03/10/2569 15:00,2026/10/03 15:00,,,,,0.26,0.26,,,,,2.0,2.0,0.6,0.7,,,,,0.33,0.5,,,,,1,,0,คลองบางพราน,,,
0,91,2,2,5.72,2.75,,,,,0,19,ตลิ่งชัน,Taling Chan,WL.CPA.01,,สถานีสูบน้ำ คลองชักพระ,Khlong Chak Phra Pumping Station,ส.คลองชักพระ,Khlong Chak Phra Pumping Station,1,,,,1,2,13.7789,100.46431,/Date(1791014400000)/,#24b295,ปกติ,Normal,4,03/10/2569 15:00,2026/10/03 15:00,,,,,0.26,0.26,1.78,1.78,,,1.3,2.0,1.6,1.8,2.3,2.5,,,0.4,0.38,1.87,1.96,,,1,,0,คลองชักพระ,,,
0,209,1,0,,,,,,,0,6,บางกะปิ,Bang Kapi,WL.KJN.02,,จุดวัดคลองจั่น ตอนถนนโยธินพัฒนา,"Khlong Chan Measurement Point, Thanon Yothin Phatthana",ค.จั่น ถ.โยธินพัฒนา,"Khlong Chan, Thanon Yothin Phatthana",1,,,,1,2,13.80547,100.6226,/Date(1791014400000)/,#24b295,ปกติ,Normal,4,03/10/2569 15:00,2026/10/03 15:00,,,,,0.25,0.25,,,,,0.9,0.9,0.3,0.4,,,,,0.28,0.38,,,,,1,,0,คลองจั่น,,,
0,143,1,0,,,,,,,0,38,ลาดพร้าว,Lat Phrao,WL.LPI.02,,จุดวัดคลองหลุมไผ่ ตอนถนนประเสริฐมนูกิจ29,"Khlong Lum Phai Measurement Point, Thanon Prasert-Manukitch 29",ค.หลุมไผ่ ถ.ประเสริฐมนูกิจ29,"Khlong Lum Phai, Thanon Prasert-Manukitch 29",1,,,,1,0,13.84703,100.6218,/Date(1791002700000)/,#676b6b,ขัดข้อง,out of order,199,03/10/2569 11:45,2026/10/03 11:45,,,,,0.24,0.24,,,,,1.8,1.8,0.7,0.9,,,,,0.25,0.39,,,,,0,#676a6c,0,คลองหลุมไผ่,,,
0,248,1,0,,,,,,,0,19,ตลิ่งชัน,Taling Chan,WL.SDN.01,,จุดวัดคลองสวนแดน ตอนถนนชัยพฤกษ์ ,"Khlong Suan Dan Measurement Point, Thanon Chaiyaphruek",ค.สวนแดน ถ.ชัยพฤกษ์,"Khlong Suan Dan, Thanon Chaiyaphruek",1,,,,1,0,13.79063,100.46199,/Date(1790983500000)/,#676b6b,ขัดข้อง,out of order,519,03/10/2569 06:25,2026/10/03 06:25,,,,,0.23,0.23,,,,,1.85,1.97,0.5,0.6,,,,,0.23,0.23,,,,,0,#676a6c,0,คลองสวนแดน,,,
0,328,1,0,,,,,,,0,36,ดอนเมือง,Don Mueang,WL.NK3.02,,คูนายกิม สาย 3 ตอนสวนรมณีย์ทุ่งสีกัน*,"Khu Nai Kim Sai 3, Suan Rommanee Thung Si Kan*",คูนายกิม สาย 3 ตอนสวนรมณีย์ทุ่งสีกัน*,"Khu Nai Kim Sai 3, Suan Rommanee Thung Si Kan*",3,https://bmawaterflow.bangkok.go.th/station?id=b4ab4ac0-1f31-490a-a7e4-ec9c626c64fc,,,1,0,13.92897,100.569,/Date(1790972100000)/,#676b6b,ขัดข้อง,out of order,709,03/10/2569 03:15,2026/10/03 03:15,,,,,0.23,0.23,,,,,,,0.8,1.1,,,,,,,,,,,0,#676a6c,0,คูนายกิมสาย 3,,,
0,35,1,0,,,,,,,0,6,บางกะปิ,Bang Kapi,WL.SSB.07,,จุดวัดคลองแสนแสบ ตอนสำนักงานเขตบางกะปิ,"Khlong Sam Sen Measurement Point, Bang Kapi District Office",ค.แสนแสบ-สนข.บางกะปิ,"Khlong Sam Sen, Bang Kapi District Office",1,,,,1,2,13.76509,100.64791,/Date(1791014400000)/,#24b295,ปกติ,Normal,4,03/10/2569 15:00,2026/10/03 15:00,,,,,0.22,0.22,,,,,0.75,0.75,0.35,0.45,,,,,0.29,0.45,,,,,1,,0,คลองแสนแสบ,,,
0,243,1,0,,,,,,,0,50,บางบอน,Bang Bon,WL.BBN.02,,จุดวัดคลองบางบอน ตอนถนนกาญจนาภิเษก,"Khlong Bang Bon Measurement Point, Thanon Kanchanaphisek",ค.บางบอน ถ.กาญจนาภิเษก,"Khlong Bang Bon, Thanon Kanchanaphisek",1,,,,1,2,13.65786,100.40551,/Date(1791014400000)/,#24b295,ปกติ,Normal,4,03/10/2569 15:00,2026/10/03 15:00,,,,,0.21,0.21,,,,,1.0,1.0,0.6,0.7,,,,,0.3,0.43,,,,,1,,0,คลองบางบอน,,,
0,42,1,0,,,,,,,0,34,สวนหลวง,Suan Luang,WL.PWT.02,,จุดวัดคลองประเวศบุรีรมย์ ตอนวัดขจรศิริ,"Khlong Prawet Buri Rom Measurement Point, Wat Khajonsiri",ค.ประเวศฯ-วัดขจรฯ,"Khlong Prawet Buri Rom, Wat Khajonsiri",1,,,,1,4,13.71537,100.64117,/Date(1791014400000)/,#e85965,วิกฤต,Critical,4,03/10/2569 15:00,2026/10/03 15:00,,,,,0.2,0.2,,,,,2.5,2.6,0.1,0.2,,,,,0.25,0.3,,,,,1,,0,คลองประเวศบุรีรมย์,,,
0,270,1,0,,,,,,,0,34,สวนหลวง,Suan Luang,WL.HMK.03,,จุดวัดคลองหัวหมาก ตอนซอยพัฒนาการ 32,"Khlong Hua Mak Measurement Point, Soi Phatthanakan 32",ค.หัวหมาก-ซ.พัฒนาการ 32,"Khlong Hua Mak, Soi Phatthanakan 32",2,,,,1,2,13.71858,100.62618,/Date(1791014400000)/,#24b295,ปกติ,Normal,4,03/10/2569 15:00,2026/10/03 15:00,,,,,0.14,0.14,,,,,1.03,2.0,0.82,1.03,,,,,0.22,0.28,,,,,1,,0,คลองหัวหมาก,,,
0,295,1,0,,,,,,,0,24,ราษฎร์บูรณะ,Rat Burana,WL.BPK.01,,จุดวัดคลองบางปะแก้ว  ตอนถนนราษฎร์บูรณะ,"Khlong Bang Pakao Measurement Point, Thanon Rat Burana",ค.บางปะแก้ว-ถ.ราษฎร์บูรณะ,"Khlong Bang Pakao, Thanon Rat Burana",1,,,,1,2,13.68868,100.49015,/Date(1791014400000)/,#24b295,ปกติ,Normal,4,03/10/2569 15:00,2026/10/03 15:00,,,,,0.12,0.12,,,,,1.0,1.0,0.6,0.7,,,,,0.21,0.43,,,,,1,,0,คลองบางปะแก้ว,,,
0,283,1,0,,,,,,,0,27,บึงกุ่ม,Bueng Kum,WL.BKT.01,,จุดวัดบึงรับน้ำบึงกุ่มบางเตย ตอนสถานีสูบน้ำคลองบางเตยล่าง,"Bueng Kum Bang Toei Lake Measurement Point, Khlong Bang Toei Lang Pumping Station",บึงรับน้ำบึงกุ่มบางเตย ส.คลองบางเตยล่าง,"Bueng Kum Bang Toei Lake, Khlong Bang Toei Lang Pumping Station",2,,,,1,2,13.78428,100.66176,/Date(1791014400000)/,#24b295,ปกติ,Normal,4,03/10/2569 15:00,2026/10/03 15:00,,,,,0.11,0.11,,,,,0.41,0.6,0.33,0.41,,,,,0.37,0.4,,,,,1,,0,บึงรับน้ำบึงกุ่มบางเตย,,,
0,189,1,0,,,,,,,0,34,สวนหลวง,Suan Luang,WL.HMK.01,,จุดวัดคลองหัวหมาก ตอนถนนศรีนครินทร์,"Khlong Hua Mak Measurement Point, Thanon Srinakarin",ค.หัวหมาก ถ.ศรีนครินทร์,"Khlong Hua Mak, Thanon Srinakarin",1,,,,1,4,13.73309,100.64107,/Date(1791014400000)/,#e85965,วิกฤต,Critical,4,03/10/2569 15:00,2026/10/03 15:00,,,,,0.11,0.11,,,,,1.0,1.0,-0.2,0.0,,,,,0.21,0.27,,,,,1,,0,คลองหัวหมาก,,,
0,291,1,0,,,,,,,0,21,บางขุนเทียน,Bang Khun Thian,WL.SNC.03,,จุดวัดคลองสนามชัย ตอนวัดเลา,"Khlong Sanam Chai Measurement Point, Wat Lao",ค.สนามชัย-วัดเลา,"Khlong Sanam Chai, Wat Lao",2,,,,1,2,13.66616,100.44685,/Date(1791014400000)/,#24b295,ปกติ,Normal,4,03/10/2569 15:00,2026/10/03 15:00,,,,,0.09,0.09,,,,,0.8,0.86,0.4,0.5,,,,,0.19,0.28,,,,,1,,0,คลองสนามชัย,,,
0,208,1,0,,,,,,,0,45,วังทองหลาง,Wang Thonglang,WL.KJN.01,,จุดวัดคลองจั่น ตอนถนนลาดพร้าว,"Khlong Chan Measurement Point, Thanon Lat Phrao",ค.จั่น ถ.ลาดพร้าว,"Khlong Chan, Thanon Lat Phrao",1,,,,1,0,13.77609,100.62816,/Date(1791012000000)/,#676b6b,ขัดข้อง,out of order,44,03/10/2569 14:20,2026/10/03 14:20,,,,,0.06,0.06,,,,,0.8,0.8,-0.2,0.0,,,,,0.07,0.15,,,,,0,#676a6c,0,คลองจั่น,,,
0,6,1,0,,,,,,,0,29,บางซื่อ,Bang Sue,WL.BKA.03,,จุดวัดคลองบางเขน ช่วงถนนประชาชื่น,"Khlong Bang Khen Measurement Point, Thanon Pracha Chuen",ค.บางเขน ถ.ประชาชื่น,"Khlong Bang Khen, Thanon Pracha Chuen",1,,,,1,2,13.84933,100.54268,/Date(1791014400000)/,#24b295,ปกติ,Normal,4,03/10/2569 15:00,2026/10/03 15:00,,,,,0.06,0.06,,,,,0.9,1.4,0.5,0.7,,,,,0.06,0.64,,,,,1,,0,คลองบางเขน,,,
0,244,1,0,,,,,,,0,50,บางบอน,Bang Bon,WL.BBN.01,,จุดวัดคลองบางบอน ตอนถนนบางขุนเทียน,"Khlong Bang Bon Measurement Point, Thanon Bang Khun Thian",ค.บางบอน ถ.บางขุนเทียน,"Khlong Bang Bon, Thanon Bang Khun Thian",1,,,,1,0,13.67055,100.42713,/Date(1791005400000)/,#676b6b,ขัดข้อง,out of order,154,03/10/2569 12:30,2026/10/03 12:30,,,,,0.05,0.05,,,,,1.6,1.6,0.6,0.7,,,,,0.07,0.27,,,,,0,#676a6c,0,คลองบางบอน,,,
0,320,1,0,,,,,,,0,52,อำเภอปากเกร็ดนนทบุรี,"Pak Kret District, Nonthaburi",WL.BTL.02,,คลองบางตลาด ตอนกรมชลประทาน ปากเกร็ด*,"Khlong Bang Talat, Royal Irrigation Department Pak Kret *",คลองบางตลาด ตอนกรมชลประทาน ปากเกร็ด*,"Khlong Bang Talat, Royal Irrigation Department Pak Kret *",3,https://bmawaterflow.bangkok.go.th/station?id=f8926bc1-5816-4151-bc98-a207a954f62e,,,1,0,13.89441,100.4936,/Date(1790972100000)/,#676b6b,ขัดข้อง,out of order,709,03/10/2569 03:15,2026/10/03 03:15,,,,,0.04,0.04,,,,,,,1.8,2.0,,,,,,,,,,,0,#676a6c,0,คลองบางตลาด,,,
0,102,2,1,0.0,,,,,,0,24,ราษฎร์บูรณะ,Rat Burana,WL.JRN.01,,สถานีสูบน้ำ คลองแจงร้อน,Khlong Chaeng Ron Pumping Station,ส.คลองแจงร้อน,Khlong Chaeng Ron Pumping Station,1,,,,1,2,13.67634,100.52111,/Date(1791014400000)/,#24b295,ปกติ,Normal,4,03/10/2569 15:00,2026/10/03 15:00,,,,,0.03,0.03,1.4,1.4,,,2.6,2.8,0.6,0.7,2.1,2.3,,,0.99,0.45,1.68,1.72,,,1,,0,คลองแจงร้อน,,,
0,30,2,1,0.0,,,,,,0,45,วังทองหลาง,Wang Thonglang,WL.LPW.01,,ประตูระบายน้ำ คลองลาดพร้าว,Khlong Lat Phrao Water Gate,ปตร.คลองลาดพร้าว,Khlong Lat Phrao Water Gate,1,,,,1,2,13.79446,100.58957,/Date(1791014400000)/,#24b295,ปกติ,Normal,4,03/10/2569 15:00,2026/10/03 15:00,,,,,0.02,0.02,0.16,0.16,,,0.8,0.9,0.2,0.4,0.2,0.4,,,0.02,0.2,0.21,0.41,,,1,,0,คลองลาดพร้าว,,,
0,245,1,0,,,,,,,0,25,บางพลัด,Bang Phlat,WL.BYK.02,,จุดวัดคลองบางยี่ขัน ตอนสถานีสูบน้ำคลองบางยี่ขัน,"Khlong Bang Yi Khan Measurement Point, Bang Yi Khan Khlong Pumping Station",ค.บางยี่ขัน ส.คลองบางยี่ขัน,"Khlong Bang Yi Khan, Bang Yi Khan Khlong Pumping Station",1,,,,1,2,13.76741,100.49361,/Date(1791014400000)/,#24b295,ปกติ,Normal,4,03/10/2569 15:00,2026/10/03 15:00,,,,,-0.02,-0.02,,,,,1.0,1.0,0.6,0.7,,,,,0.28,0.28,,,,,1,,0,คลองบางยี่ขัน,,,
0,278,1,0,,,,,,,0,6,บางกะปิ,Bang Kapi,WL.HMK.02,,จุดวัดคลองหัวหมาก ตอนซอยรามคาแหง 68,"Khlong Hua Mak Measurement Point, Soi Ramkhamhaeng 68",ค.หัวหมาก-ซ.รามคาแหง 68,"Khlong Hua Mak, Soi Ramkhamhaeng 68",2,,,,1,2,13.76438,100.65679,/Date(1791014400000)/,#24b295,ปกติ,Normal,4,03/10/2569 15:00,2026/10/03 15:00,,,,,-0.02,-0.02,,,,,0.79,0.95,0.68,0.79,,,,,0.1,0.25,,,,,1,,0,คลองหัวหมาก,,,
0,78,1,0,,,,,,,0,21,บางขุนเทียน,Bang Khun Thian,WL.RMT.02,,จุดวัดคลองพระยาราชมนตรี ตอนถนนพระรามที่ 2,"Khlong Phraya Ratchamontri Measurement Point, Rama II Road",ค.ราชมนตรี-พระราม 2,"Khlong Ratchamontri, Rama II",1,,,,1,2,13.66885,100.4299,/Date(1791014400000)/,#24b295,ปกติ,Normal,4,03/10/2569 15:00,2026/10/03 15:00,,,,,-0.05,-0.05,,,,,1.3,1.3,0.6,0.7,,,,,0.04,0.19,,,,,1,,0,คลองพระยาราชมนตรี,,,
0,101,2,1,0.0,,,,,,0,21,บางขุนเทียน,Bang Khun Thian,WL.SBT.01,,สถานีสูบน้ำ คลองสี่บาท,Khlong Si Baht Pumping Station,ส.คลองสี่บาท,Khlong Si Baht Pumping Station,1,,,,1,2,13.67309,100.44606,/Date(1791014400000)/,#24b295,ปกติ,Normal,4,03/10/2569 15:00,2026/10/03 15:00,,,,,-0.06,-0.06,0.18,0.18,,,2.0,1.98,0.3,0.4,1.28,1.48,,,0.03,0.02,0.3,0.46,,,1,,0,คลองสี่บาท,,,
0,168,1,0,,,,,,,0,34,สวนหลวง,Suan Luang,WL.KLA.01,,จุดวัดคลองลาว ตอนถนนพัฒนาการ,"Khlong Lao Measurement Point, Thanon Phatthanakan",ค.ลาว ถ.พัฒนาการ,"Khlong Lao, Thanon Phatthanakan",1,,,,1,3,13.73722,100.62499,/Date(1791014400000)/,#f4b05b,เตือนภัย,Alert,4,03/10/2569 15:00,2026/10/03 15:00,,,,,-0.09,-0.09,,,,,1.26,1.26,-0.2,0.0,,,,,0.09,0.18,,,,,1,,0,คลองลาว,,,
0,296,1,0,,,,,,,0,15,ธนบุรี,Thon Buri,WL.WSV.01,,จุดวัดคลองวัดสุทธาวาส ตอนซอยเทอดไท 33,"Khlong Wat Suthawat Measurement Point, Soi Thet Thai 33",ค.วัดสุทธาวาส-ซ.เทอดไท 33,"Khlong Wat Suthawat, Soi Thet Thai 33",1,,,,1,2,13.70645,100.4784,/Date(1791014400000)/,#24b295,ปกติ,Normal,4,03/10/2569 15:00,2026/10/03 15:00,,,,,-0.1,-0.1,,,,,0.8,0.8,0.6,0.8,,,,,0.3,0.28,,,,,1,,0,คลองสุทธาวาส,,,
0,67,1,0,,,,,,,0,29,บางซื่อ,Bang Sue,WL.KPM.01,,จุดวัดคลองเปรมประชากร ช่วงสถานีน้ำอุโมงค์คลองเปรมประชากร,"Prem Prachakon Khlong Measurement Point, Prem Prachakon Khlong Tunnel Water Station",ค.เปรมฯ-อุโมงค์,"Prem Khlong, Tunnel",1,,,,1,2,13.80463,100.53595,/Date(1791014400000)/,#24b295,ปกติ,Normal,4,03/10/2569 15:00,2026/10/03 15:00,,,,,-0.1,-0.1,,,,,1.15,1.97,1.0,1.2,,,,,-0.1,0.17,,,,,1,,0,คลองเปรมประชากร,,,
0,175,1,0,,,,,,,0,10,มีนบุรี,Min Buri,WL.LBK.01,,จุดวัดคลองลาดบัวขาว ตอนถนนรามคำแหง,"Khlong Lat Bua Khao Measurement Point, Thanon Ramkhamhaeng",ค.ลาดบัวขาว ถ.รามคำแหง,"Khlong Lat Bua Khao, Thanon Ramkhamhaeng",1,,,,2,0,13.79549,100.70761,/Date(1768272900000)/,#676b6b,ขัดข้อง,out of order,379029,13/01/2569 09:55,2026/01/13 09:55,,,,,-0.12,-0.12,,,,,2.0,2.0,0.4,0.6,,,,,2.98,2.98,,,,,0,#676a6c,0,คลองลาดบัวขาว,,,
0,222,1,0,,,,,,,0,19,ตลิ่งชัน,Taling Chan,WL.SCO.01,,จุดวัดคลองศาลเจ้า ตอนถนนสวนผัก ,"Khlong Salajao Measurement Point, Thanon Suan Phak",ค.ศาลเจ้า ถ.สวนผัก,"Khlong Salajao, Thanon Suan Phak",1,,,,1,2,13.79815,100.44488,/Date(1791014400000)/,#24b295,ปกติ,Normal,4,03/10/2569 15:00,2026/10/03 15:00,,,,,-0.12,-0.12,,,,,1.0,1.0,0.6,0.7,,,,,0.3,0.27,,,,,1,,0,คลองศาลเจ้า,,,
0,317,1,0,,,,,,,0,53,อำเภอบางบ่อสมุทรปราการ,"Bang Bo  District, Samut Prakan",WL.CLH.01,,สถานีสูบน้ำชลหารพิจิตร*,Chonlaharn Phichit Pumping Station *,สถานีสูบน้ำชลหารพิจิตร*,Chonlaharn Phichit Pumping Station *,3,https://bmawaterflow.bangkok.go.th/station?id=6cbd059e-6c75-4e1b-8b0d-9c59fdf8ee05,,,1,0,13.51834,100.8201,/Date(1790972100000)/,#676b6b,ขัดข้อง,out of order,709,03/10/2569 03:15,2026/10/03 03:15,,,,,-0.12,-0.12,,,,,,,1.0,1.2,,,,,,,,,,,0,#676a6c,0,คลองด่าน,,,
0,246,1,0,,,,,,,0,25,บางพลัด,Bang Phlat,WL.BYK.01,,จุดวัดคลองบางยี่ขัน ตอนถนนจรัญสนิทวงศ์,"Khlong Bang Yi Khan Measurement Point, Thanon Charansanitwong",ค.บางยี่ขัน ถ.จรัญสนิทวงศ์,"Khlong Bang Yi Khan, Thanon Charansanitwong",1,,,,1,2,13.77571,100.48371,/Date(1791014400000)/,#24b295,ปกติ,Normal,4,03/10/2569 15:00,2026/10/03 15:00,,,,,-0.15,-0.15,,,,,1.0,1.0,0.6,0.7,,,,,0.11,0.15,,,,,1,,0,คลองบางยี่ขัน,,,
0,282,1,0,,,,,,,0,30,จตุจักร,Chatuchak,WL.PST.01,,จุดวัดบึงรับน้ำปูนซีเมนต์ไทย ตอนสถานีสูบน้ำบึงบางซื่อ,"Bueng Pun Simen Thai Lake Measurement Point, Bang Sue Pumping Station",บึงรับน้ำปูนซีเมนต์ไทย ส.บึงบางซื่อ,"Bueng Pun Simen Thai Lake, Bang Sue Pumping Station",2,,,,1,2,13.8219,100.54239,/Date(1791014400000)/,#24b295,ปกติ,Normal,4,03/10/2569 15:00,2026/10/03 15:00,,,,,-0.16,-0.16,,,,,1.77,0.19,0.15,0.19,,,,,0.18,0.38,,,,,1,,0,บึงรับน้ำปูนซีเมนต์ไทย,,,
0,284,1,0,,,,,,,0,44,สะพานสูง,Saphan Sung,WL.SMK.01,,จุดวัดบึงรับน้ำหมู่บ้านสัมมากร ตอนสถานีสูบน้ำบึงที่ 2 คลองบ้านม้า 2,"Bueng Muban Sammakorn Measurement Point, Lake 2 Pumping Station, Khlong Ban Ma 2",บึงรับน้ำหมู่บ้านสัมมากร ส.บึงที่ 2 คลองบ้านม้า 2,"Bueng Muban Sammakorn, Lake 2 Pumping Station, Khlong Ban Ma 2",2,,,,1,2,13.76676,100.67784,/Date(1791014400000)/,#24b295,ปกติ,Normal,4,03/10/2569 15:00,2026/10/03 15:00,,,,,-0.16,-0.16,,,,,0.83,0.44,0.35,0.44,,,,,0.04,0.34,,,,,1,,0,บึงรับน้ำหมู่บ้านสัมมากร,,,
0,113,2,3,0.0,0.0,0.0,,,,0,21,บางขุนเทียน,Bang Khun Thian,WL.SNC.01,,สถานีสูบน้ำ คลองสนามชัย,Khlong Sanam Chai Pumping Station,ส.คลองสนามชัย,Khlong Sanam Chai Pumping Station,1,,,,1,3,13.63806,100.44765,/Date(1791014400000)/,#f4b05b,เตือนภัย,Alert,4,03/10/2569 15:00,2026/10/03 15:00,,,,,-0.18,-0.18,1.1,1.1,,,1.25,1.3,0.4,0.5,1.0,1.2,,,0.13,0.11,1.1,1.12,,,1,,0,คลองสนามชัย,,,
0,87,1,0,,,,,,,0,6,บางกะปิ,Bang Kapi,WL.SSB.06,,จุดวัดคลองแสนแสบ ช่วงสถานีสูบน้ำคลองเจ้าคุณสิงห์,"Saen Saep Khlong Measurement Point, Chao Khun Singh Khlong Pumping Station",ค.แสนแสบ-เจ้าคุณสิงห์,Saen Saep-Chao Khun Singh Khlong,1,,,,1,2,13.76127,100.61532,/Date(1791014400000)/,#24b295,ปกติ,Normal,4,03/10/2569 15:00,2026/10/03 15:00,,,,,-0.19,-0.19,,,,,0.65,0.65,0.2,0.35,,,,,-0.02,0.07,,,,,1,,0,คลองแสนแสบ,,,
0,264,1,0,,,,,,,0,42,สายไหม,Sai Mai,WL.ANX.01,,คูน้ำแอนเนกซ์ (บ่อสูบน้ำพหลโยธิน 58),Khu Nam Annex (Phahonyothin 58 Pumping Station),คูน้ำแอนเนกซ์ ,Khu Nam Annex,1,,,,1,2,13.93729,100.63895,/Date(1791014400000)/,#24b295,ปกติ,Normal,4,03/10/2569 15:00,2026/10/03 15:00,,,,,-0.19,-0.19,,,,,0.95,0.95,0.6,0.8,,,,,0.03,0.6,,,,,1,,0,บ่อสูบน้ำพหลโยธิน 58,,,
0,139,1,0,,,,,,,0,6,บางกะปิ,Bang Kapi,WL.KJA.02,,จุดวัดคลองกะจะ ตอนถนนพระราม 9 ซอย 57,"Khlong Kaja Measurement Point, Thanon Rama IX Soi 57",ค.กะจะ ถ.พระราม 9 ซ.57,"Khlong Kaja, Thanon Rama IX Soi 57",1,,,,1,3,13.74953,100.63387,/Date(1791014400000)/,#f4b05b,เตือนภัย,Alert,4,03/10/2569 15:00,2026/10/03 15:00,,,,,-0.2,-0.2,,,,,1.0,1.0,-0.2,0.0,,,,,-0.2,0.01,,,,,1,,0,คลองกะจะ,,,
0,216,1,0,,,,,,,0,25,บางพลัด,Bang Phlat,WL.BBR.02,,จุดวัดคลองบางบำหรุ ตอนถนนสิรินธร,"Khlong Bang Bamru Measurement Point, Thanon Sirindhorn",ค.บางบำหรุ ถ.สิรินธร,"Khlong Bang Bamru, Thanon Sirindhorn",1,,,,1,2,13.78876,100.48166,/Date(1791014400000)/,#24b295,ปกติ,Normal,4,03/10/2569 15:00,2026/10/03 15:00,,,,,-0.21,-0.21,,,,,1.0,1.0,0.7,0.8,,,,,0.14,0.19,,,,,1,,0,คลองบางบำหรุ,,,
0,267,1,0,,,,,,,0,36,ดอนเมือง,Don Mueang,WL.NK1.01,,จุดวัดคูนายกิมสาย 1 ตอนถนนเลียบคูนายกิมสาย 1,"Khu Nai Kim Sai 1 Measurement Point, Thanon Liap Khu Nai Kim Sai 1",คูนายกิมสาย 1-ถ.เลียบคูนายกิมสาย 1,"Khu Nai Kim Sai 1, Thanon Liap Khu Nai Kim Sai 1",2,,,,1,2,13.93929,100.60559,/Date(1791014400000)/,#24b295,ปกติ,Normal,4,03/10/2569 15:00,2026/10/03 15:00,,,,,-0.22,-0.22,,,,,1.44,1.45,1.15,1.44,,,,,0.16,0.15,,,,,1,,0,คูนายกิมสาย 1,,,
0,258,1,0,,,,,,,0,17,ห้วยขวาง,Huai Khwang,WL.BSU.07,,จุดวัดคลองบางซื่อ - ตอนถนนลาดพร้าว,"Khlong Bang Sue Measurement Point, Thanon Lat Phrao",ค.บางซื่อ ถ.ลาดพร้าว,"Khlong Bang Sue, Thanon Lat Phrao",1,,,,1,2,13.79875,100.58655,/Date(1791014400000)/,#24b295,ปกติ,Normal,4,03/10/2569 15:00,2026/10/03 15:00,,,,,-0.22,-0.22,,,,,0.6,0.75,0.6,0.4,,,,,-0.07,0.02,,,,,1,,0,คลองบางซื่อ,,,
0,217,1,0,,,,,,,0,20,บางกอกน้อย,Bangkok Noi,WL.BBR.01,,จุดวัดคลองบางบำหรุ ตอนถนนบรมราชชนนี,"Khlong Bang Bamru Measurement Point, Thanon Borommaratchachonnani",ค.บางบำหรุ ถ.บรมราชชนนี,"Khlong Bang Bamru, Thanon Borommaratchachonnani",1,,,,1,2,13.77927,100.47591,/Date(1791014400000)/,#24b295,ปกติ,Normal,4,03/10/2569 15:00,2026/10/03 15:00,,,,,-0.23,-0.23,,,,,1.0,1.0,0.6,0.7,,,,,0.17,0.21,,,,,1,,0,คลองบางบำหรุ,,,
0,195,1,0,,,,,,,0,29,บางซื่อ,Bang Sue,WL.KTK.03,,จุดวัดคลองขรัวตาแก่น ตอนซอยสะพานขวา,"Khlong Khrua Ta Kaen Measurement Point, Soi Saphan Khwa",ค.ขรัวตาแก่น ซ.สะพานขวา,"Khlong Khrua Ta Kaen, Soi Saphan Khwa",1,,,,2,0,13.80504,100.52867,/Date(1780635300000)/,#676b6b,ขัดข้อง,out of order,172989,05/06/2569 11:55,2026/06/05 11:55,,,,,-0.24,-0.24,,,,,1.0,1.0,0.4,0.5,,,,,0.0,0.0,,,,,0,#676a6c,0,คลองขรัวตาแก่น,,,
0,191,1,0,,,,,,,0,32,ประเวศ,Prawet,WL.SLL.01,,จุดวัดคลองศาลาลอย ตอนถนนอ่อนนุช 61,"Khlong Sala Loi Measurement Point, Thanon On Nut 61",ค.ศาลาลอย ถ.อ่อนนุช 61,"Khlong Sala Loi, Thanon On Nut 61",1,,,,1,2,13.71599,100.67942,/Date(1791014400000)/,#24b295,ปกติ,Normal,4,03/10/2569 15:00,2026/10/03 15:00,,,,,-0.25,-0.25,,,,,0.5,0.5,0.1,0.25,,,,,-0.07,-0.02,,,,,1,,0,คลองศาลาลอย,,,
0,83,1,0,,,,,,,0,17,ห้วยขวาง,Huai Khwang,WL.SSN.09,,จุดวัดคลองสามเสน ช่วงถนนเอกมัย,"Khlong Samsen Measurement Point, Thanon Ekkamai",ค.สามเสน-ถ.เอกมัย,"Khlong Samsen, Thanon Ekkamai",1,,,,1,0,13.75038,100.59268,/Date(1790927400000)/,#676b6b,ขัดข้อง,out of order,1454,02/10/2569 14:50,2026/10/02 14:50,,,,,-0.26,-0.26,,,,,0.7,0.75,-0.1,0.0,,,,,-0.26,0.0,,,,,0,#676a6c,0,คลองสามเสน,,,
0,169,1,0,,,,,,,0,7,ปทุมวัน,Pathum Wan,WL.SSB.02,,จุดวัดคลองแสนแสบ ตอนซอยสมคิด,"Khlong Saen Saep Measurement Point, Soi Somkid",ค.แสนแสบ ซ.สมคิด,"Khlong Saen Saep, Soi Somkid",1,,,,2,0,13.74846,100.54583,/Date(1774234200000)/,#676b6b,ขัดข้อง,out of order,279674,23/03/2569 09:50,2026/03/23 09:50,,,,,-0.27,-0.27,,,,,1.85,1.97,0.0,0.1,,,,,2.0,-0.16,,,,,0,#676a6c,0,คลองแสนแสบ,,,
0,141,1,0,,,,,,,0,2,ดุสิต,Dusit,WL.BKB.01,,จุดวัดคลองบางกระบือ ตอนถนนสามเสน,"Khlong Bang Krabue Measurement Point, Samsen Thanon",ค.บางกระบือ ถ.สามเสน,"Khlong Bang Krabue, Thanon Samsen",1,,,,1,2,13.79154,100.51662,/Date(1791014400000)/,#24b295,ปกติ,Normal,4,03/10/2569 15:00,2026/10/03 15:00,,,,,-0.28,-0.28,,,,,1.0,1.0,0.8,1.0,,,,,-0.27,-0.12,,,,,1,,0,คลองบางกระบือ,,,
0,116,1,0,,,,,,,0,45,วังทองหลาง,Wang Thonglang,WL.LPW.04,,จุดวัดคลองลาดพร้าว ตอนถนนประชาอุทิศ,"Khlong Lat Phrao Measurement Point, Thanon Pracha Uthit",ค.ลาดพร้าว ถ.ประชาอุทิศ,"Khlong Lat Phrao, Thanon Pracha Uthit",1,,,,1,2,13.76874,100.59356,/Date(1791014400000)/,#24b295,ปกติ,Normal,4,03/10/2569 15:00,2026/10/03 15:00,,,,,-0.28,-0.28,,,,,1.0,1.0,0.05,0.15,,,,,-0.19,0.04,,,,,1,,0,คลองลาดพร้าว,,,
0,15,1,0,,,,,,,0,17,ห้วยขวาง,Huai Khwang,WL.BSU.06,,จุดวัดคลองบางซื่อ ช่วงถนนรัชดาภิเษก (เจ้าพระยาปาร์ค),"Khlong Bang Sue Measurement Point, Thanon Ratchadaphisek (Chaophya Park)",ค.บางซื่อ ถ.รัชดาฯ,"Khlong Bang Sue, Thanon Ratchadaphisek",1,,,,1,0,13.79624,100.57422,/Date(1790844900000)/,#676b6b,ขัดข้อง,out of order,2829,01/10/2569 15:55,2026/10/01 15:55,,,,,-0.3,-0.3,,,,,1.0,1.55,0.1,0.2,,,,,-0.27,-0.11,,,,,0,#676a6c,0,คลองบางซื่อ,,,
0,255,1,0,,,,,,,0,19,ตลิ่งชัน,Taling Chan,WL.WKT.01,,จุดวัดคลองวัดไก่เตี้ย ตอนสถานีสูบน้ำคลองวัดไก่เตี้ย,"Khlong Kai Tia Temple Measurement Point, Khlong Wat Kai Tia Pumping Station",ค.วัดไก่เตี้ย ส.คลองวัดไก่เตี้ย,"Khlong Kai Tia Temple, Khlong Wat Kai Tia Pumping Station",1,,,,1,2,13.78422,100.46424,/Date(1791014400000)/,#24b295,ปกติ,Normal,4,03/10/2569 15:00,2026/10/03 15:00,,,,,-0.3,-0.3,,,,,2.0,2.0,1.65,1.85,,,,,0.46,0.41,,,,,1,,0,คลองวัดไก่เตี้ย,,,
0,257,1,0,,,,,,,0,17,ห้วยขวาง,Huai Khwang,WL.CYI.03,,จุดวัดคลองชวดใหญ่-ตอนคลองลาดพร้าว,"Khlong Chuad Yai Measurement Point, Khlong Lat Phrao",ค.ชวดใหญ่ คลองลาดพร้าว,"Khlong Chuad Yai, Khlong Lat Phrao",1,,,,1,0,13.7631,100.59243,/Date(1791003900000)/,#676b6b,ขัดข้อง,out of order,179,03/10/2569 12:05,2026/10/03 12:05,,,,,-0.3,-0.3,,,,,1.1,1.1,-0.1,0.0,,,,,-0.2,0.0,,,,,0,#676a6c,0,คลองชวดใหญ่,,,
0,301,1,0,,,,,,,0,27,บึงกุ่ม,Bueng Kum,WL.LPP.02,,คลองลำพังพวย ตอนถนนนวมินทร์*,"Khlong Lam Phang Phuai, Thanon Nawamin",คลองลำพังพวย ตอนถนนนวมินทร์*,"Khlong Lam Phang Phuai, Thanon Nawamin",3,https://bmawaterflow.bangkok.go.th/station?id=9b96fcce-ab64-4442-b29d-027438a03d3d,,,1,0,13.78498,100.6477,/Date(1790972400000)/,#676b6b,ขัดข้อง,out of order,704,03/10/2569 03:20,2026/10/03 03:20,,,,,-0.31,-0.31,,,,,,,0.06,0.01,,,,,,,,,,,0,#676a6c,0,คลองลำพังพวย,,,
0,279,1,0,,,,,,,0,32,ประเวศ,Prawet,WL.MKT.01,,จุดวัดคลองมะขามเทศ ตอนถนนพัฒนาการ,"Khlong Makham Thet Measurement Point, Thanon Phatthanakan",ค.มะขามเทศ-ถ.พัฒนาการ,"Khlong Makham Thet, Thanon Phatthanakan",2,,,,1,2,13.70015,100.67492,/Date(1791014400000)/,#24b295,ปกติ,Normal,4,03/10/2569 15:00,2026/10/03 15:00,,,,,-0.33,-0.33,,,,,0.77,0.77,0.62,0.77,,,,,-0.26,-0.15,,,,,1,,0,คลองมะขามเทศ,,,
0,162,1,0,,,,,,,0,34,สวนหลวง,Suan Luang,WL.KKD.01,,จุดวัดคลองเคล็ด ตอนถนนสุขุมวิท 77,"Khlong Kled Measurement Point, Thanon Sukhumvit 77",ค.เคล็ด ถ.สุขุมวิท 77,"Khlong Kled, Thanon Sukhumvit 77",1,,,,1,2,13.7091,100.6307,/Date(1791014400000)/,#24b295,ปกติ,Normal,4,03/10/2569 15:00,2026/10/03 15:00,,,,,-0.33,-0.33,,,,,0.9,0.9,0.5,0.6,,,,,-0.31,-0.3,,,,,1,,0,คลองเคล็ด,,,
0,160,1,0,,,,,,,0,17,ห้วยขวาง,Huai Khwang,WL.NKW.02,,จุดวัดคลองน้ำแก้ว ตอนซอยลาดพร้าว 41,"Khlong Nam Kaew Measurement Point, Soi Lat Phrao 41",ค.น้ำแก้ว ซ.ลาดพร้าว 41,"Khlong Nam Kaew, Soi Lat Phrao 41",1,,,,1,2,13.80278,100.58458,/Date(1791014400000)/,#24b295,ปกติ,Normal,4,03/10/2569 15:00,2026/10/03 15:00,,,,,-0.34,-0.34,,,,,0.6,0.6,0.4,0.6,,,,,-0.01,0.21,,,,,1,,0,คลองน้ำแก้ว,,,
0,150,1,0,,,,,,,0,9,พระโขนง,Phra Khanong,WL.BLY.01,,จุดวัดคลองบ้านหลาย ตอนถนนสุขุมวิท 77,"Khlong Ban Lai Measurement Point, Thanon Sukhumvit 77",ค.บ้านหลาย ถ.สุขุมวิท 77,"Khlong Ban Lai, Thanon Sukhumvit 77",1,,,,1,2,13.70918,100.6217,/Date(1791014400000)/,#24b295,ปกติ,Normal,4,03/10/2569 15:00,2026/10/03 15:00,,,,,-0.34,-0.34,,,,,0.6,0.6,0.4,0.5,,,,,-0.3,-0.29,,,,,1,,0,คลองบ้านหลาย,,,
0,85,1,0,,,,,,,0,37,ราชเทวี,Ratchathewi,WL.SSB.03,,จุดวัดคลองแสนแสบ ช่วงอโศก,"Khlong Saen Saep Measurement Point, Asok",ค.แสนแสบ-อโศก,"Khlong Saen Saep, Asok",1,,,,1,2,13.74783,100.56304,/Date(1791014400000)/,#24b295,ปกติ,Normal,4,03/10/2569 15:00,2026/10/03 15:00,,,,,-0.34,-0.34,,,,,0.9,0.7,0.0,0.15,,,,,-0.24,0.07,,,,,1,,0,คลองแสนแสบ,,,
0,215,1,0,,,,,,,0,21,บางขุนเทียน,Bang Khun Thian,WL.SKG.01,,จุดวัดคลองสะแกงาม ตอนถนนกาญจนาภิเษก,"Khlong Sakae Ngam Measurement Point, Thanon Kanchanaphisek",ค.สะแกงาม ถ.กาญจนาภิเษก,"Khlong Sakae Ngam, Thanon Kanchanaphisek",1,,,,1,0,13.62715,100.43402,/Date(1791006900000)/,#676b6b,ขัดข้อง,out of order,129,03/10/2569 12:55,2026/10/03 12:55,,,,,-0.36,-0.36,,,,,1.0,1.0,0.4,0.5,,,,,-0.34,-0.55,,,,,0,#676a6c,0,คลองสะแกงาม,,,
0,275,1,0,,,,,,,0,36,ดอนเมือง,Don Mueang,WL.NCH.02,,จุดวัดคูน้ำนายใช้ ตอนคลองเปรมประชากร,"Khu Nam Nai Sai Measurement Point, Khlong Prem Prachakon",คูน้ำนายใช้-ค.เปรมประชากร,"Khu Nam Nai Sai, Khlong Prem Prachakon",2,,,,1,2,13.93925,100.60767,/Date(1791014400000)/,#24b295,ปกติ,Normal,4,03/10/2569 15:00,2026/10/03 15:00,,,,,-0.36,-0.36,,,,,2.4,2.43,1.92,2.4,,,,,-0.14,0.19,,,,,1,,0,คูน้ำนายใช้,,,
0,234,1,0,,,,,,,0,1,พระนคร,Phra Nakhon,WL.KLD.02,,จุดวัดคลองหลอด ตอนถนนราชดำเนินใน,"Khlong Lod Measurement Point, Thanon Ratchadamnoen Nai",ค.หลอด ถ.ราชดำเนินใน,"Khlong Lod, Thanon Ratchadamnoen Nai",1,,,,1,2,13.75512,100.49554,/Date(1791014400000)/,#24b295,ปกติ,Normal,4,03/10/2569 15:00,2026/10/03 15:00,,,,,-0.36,-0.36,,,,,1.0,1.0,0.6,0.7,,,,,-0.06,-0.06,,,,,1,,0,คลองหลอด,,,
0,238,1,0,,,,,,,0,34,สวนหลวง,Suan Luang,WL.PWT.01,,จุดวัดคลองประเวศ ตอนซอยอ่อนนุช 17,"Khlong Prawet Measurement Point, Soi On Nut 17",ค.ประเวศ ซ.อ่อนนุช 17,"Khlong Prawet, Soi On Nut 17",1,,,,1,2,13.71556,100.6106,/Date(1791014400000)/,#24b295,ปกติ,Normal,4,03/10/2569 15:00,2026/10/03 15:00,,,,,-0.37,-0.37,,,,,1.85,1.97,-0.2,-0.1,,,,,-0.34,-0.17,,,,,1,,0,คลองพระโขนง,,,
0,174,1,0,,,,,,,0,32,ประเวศ,Prawet,WL.KNB.02,,จุดวัดคลองหนองบอน ตอนถนนเฉลิมพระเกียรติรัชกาลที่ 9,"Khlong Nong Bon Measurement Point, Thanon Chaloem Phrakiat King Rama IX",ค.หนองบอน ถ.เฉลิมพระเกียรติรัชกาลที่ 9,"Khlong Nong Bon, Thanon Chaloem Phrakiat King Rama IX",1,,,,1,2,13.678,100.66295,/Date(1791014400000)/,#24b295,ปกติ,Normal,4,03/10/2569 15:00,2026/10/03 15:00,,,,,-0.37,-0.37,,,,,1.5,1.5,0.0,0.1,,,,,-0.33,-0.24,,,,,1,,0,คลองหนองบอน,,,
0,184,1,0,,,,,,,0,17,ห้วยขวาง,Huai Khwang,WL.CYI.02,,จุดวัดคลองชวดใหญ่ ตอนถนนพระราม 9,"Khlong Chuad Yai Measurement Point, Thanon Rama 9",ค.ชวดใหญ่ ถ.พระราม 9,"Khlong Chuad Yai, Thanon Rama IX",1,,,,1,2,13.75502,100.58113,/Date(1791014100000)/,#24b295,ปกติ,Normal,9,03/10/2569 14:55,2026/10/03 14:55,,,,,-0.38,-0.38,,,,,1.85,1.97,-0.1,0.0,,,,,-0.37,-0.21,,,,,1,,0,คลองชวดใหญ่,,,
0,136,1,0,,,,,,,0,6,บางกะปิ,Bang Kapi,WL.KJG.01,,จุดวัดคลองจิก ตอนถนนหัวหมาก,"Khlong Chik Measurement Point, Thanon Huamark",ค.จิก ถ.หัวหมาก,"Khlong Chik, Thanon Huamark",1,,,,1,2,13.7528,100.63296,/Date(1791014400000)/,#24b295,ปกติ,Normal,4,03/10/2569 15:00,2026/10/03 15:00,,,,,-0.38,-0.38,,,,,1.0,1.0,-0.2,0.0,,,,,0.1,0.24,,,,,1,,0,คลองจิก,,,
0,70,1,0,,,,,,,0,17,ห้วยขวาง,Huai Khwang,WL.LPW.05,,จุดวัดคลองลาดพร้าว ช่วงถนนประดิษฐ์มนูธรรม,"Khlong Lat Phrao Measurement Point, Thanon Pradit Manutham",ค.ลาดพร้าว ถ.ประดิษฐ์มนูธรรม,"Khlong Lat Phrao, Thanon Pradit Manutham",1,,,,1,2,13.75954,100.59646,/Date(1791014400000)/,#24b295,ปกติ,Normal,4,03/10/2569 15:00,2026/10/03 15:00,,,,,-0.38,-0.38,,,,,1.0,1.05,-0.1,0.1,,,,,-0.31,-0.09,,,,,1,,0,คลองลาดพร้าว,,,
0,289,1,0,,,,,,,0,32,ประเวศ,Prawet,WL.PLP.01,,จุดวัดคลองปลัดเปรียง ตอนถนนเฉลิมพระเกียรติร.9 ซอย14,"Khlong Plad Priang Measurement Point, ThanonChaloem Phrakiat Rama 9, Soi 14",ค.ปลัดเปรียง-ถ.เฉลิมพระเกียรติร.9 ซ.14,"Khlong Plad Priang, Thanon Chaloem Phrakiat Rama 9, Soi 14",2,,,,1,2,13.67009,100.66787,/Date(1791014400000)/,#24b295,ปกติ,Normal,4,03/10/2569 15:00,2026/10/03 15:00,,,,,-0.39,-0.39,,,,,0.6,0.76,0.4,0.5,,,,,-0.35,-0.18,,,,,1,,0,คลองปลัดเปรียง,,,
0,297,1,0,,,,,,,0,9,พระโขนง,Phra Khanong,WL.KKD.04,,จุดวัดคลองเคล็ด ตอนซอยเปรมฤทัย 20*,"Khlong Kled Measurementment Station, Soi Prem Ruethai 20*",ค.เคล็ด-ซ.เปรมฤทัย 20*,"Khlong Kled, Soi Prem Ruethai 20*",1,,,,1,2,13.68033,100.63959,/Date(1791015300000)/,#24b295,ปกติ,Normal,10,03/10/2569 15:15,2026/10/03 15:15,,,,,-0.4,-0.4,,,,,1.1,1.1,0.5,1.0,,,,,-0.39,-0.4,,,,,1,,0,คลองเคล็ด,,,
0,185,1,0,,,,,,,0,17,ห้วยขวาง,Huai Khwang,WL.CYI.01,,จุดวัดคลองชวดใหญ่ ตอนถนนพระราม 9 ซอย 13,"Khlong Chuad Yai Measurement Point, Thanon Rama 9 Soi 13",ค.ชวดใหญ่ ถ.พระราม 9 ซ.13,"Khlong Chuad Yai, Thanon Rama IX Soi 13",1,,,,1,2,13.76217,100.58648,/Date(1791014400000)/,#24b295,ปกติ,Normal,4,03/10/2569 15:00,2026/10/03 15:00,,,,,-0.4,-0.4,,,,,0.6,0.6,-0.1,0.0,,,,,-0.4,-0.23,,,,,1,,0,คลองชวดใหญ่,,,
0,37,2,2,7.5,7.5,,,,,0,39,วัฒนา,Watthana,WL.SSB.04,,สถานีสูบน้ำ คลองแสนแสบตอนคลองตัน,"Khlong Saen Saep Pumping Station, Khlong Tan",ส.แสนแสบ-คลองตัน,"Saen Saep Pumping Station, Khlong Tan",1,,,,1,2,13.74126,100.59642,/Date(1791014400000)/,#24b295,ปกติ,Normal,4,03/10/2569 15:00,2026/10/03 15:00,,,,,-0.4,-0.4,-0.44,-0.44,,,0.5,0.7,0.0,0.2,0.0,0.2,,,1.0,1.0,-0.33,0.59,,,1,,0,คลองแสนแสบ,,,
0,249,1,0,,,,,,,0,19,ตลิ่งชัน,Taling Chan,WL.KJU.01,,จุดวัดคลองขุนจันทร์ ตอนถนนฉิมพลี,"Khlong Khun Chan Measurement Point, Thanon Chim Phli",ค.ขุนจันทร์ ถ.ฉิมพลี,"Khlong Khun Chan, Thanon Chim Phli",1,,,,1,2,13.78277,100.44432,/Date(1791014400000)/,#24b295,ปกติ,Normal,4,03/10/2569 15:00,2026/10/03 15:00,,,,,-0.41,-0.41,,,,,1.0,1.0,1.65,1.85,,,,,-0.37,-0.05,,,,,1,,0,คลองขุนจันทร์,,,
0,259,1,0,,,,,,,0,17,ห้วยขวาง,Huai Khwang,WL.SSN.10,,จุดวัดคลองสามเสน -ตอนคลองชวดใหญ่,"Khlong Samsen Measurement Point, Khlong Chuad Yai",ค.สามเสน คลองชวดใหญ่,"Khlong Samsen, Khlong Chuad Yai",1,,,,1,2,13.75383,100.58091,/Date(1791014400000)/,#24b295,ปกติ,Normal,4,03/10/2569 15:00,2026/10/03 15:00,,,,,-0.41,-0.41,,,,,1.1,1.1,-0.1,0.0,,,,,-0.4,-0.19,,,,,1,,0,คลองสามเสน,,,
0,256,1,0,,,,,,,0,47,บางนา,Bang Na,WL.BNA.04,,จุดวัดคลองบางนา ตอนซอยบางนา-ตราด 56,"Khlong Bang Na Measurement Point, Soi Bang Na-Trat 56",ค.บางนา ซ.บางนา-ตราด 56,"Khlong Bang Na, Soi Bang Na-Trat 56",1,,,,1,2,13.6594,100.64935,/Date(1791014400000)/,#24b295,ปกติ,Normal,4,03/10/2569 15:00,2026/10/03 15:00,,,,,-0.42,-0.42,,,,,1.0,1.0,0.5,0.6,,,,,-0.38,-0.3,,,,,1,,0,คลองบางนา,,,
0,269,1,0,,,,,,,0,9,พระโขนง,Phra Khanong,WL.BLY.02,,จุดวัดคลองบ้านหลาย ตอนซอยพึ่งมี 48,"Khlong Ban Lai Measurement Point, Soi Phung Mi 48",ค.บ้านหลาย-ซ.พึ่งมี 48,"Khlong Ban Lai, Soi Phung Mi 48",2,,,,1,2,13.69986,100.62285,/Date(1791014400000)/,#24b295,ปกติ,Normal,4,03/10/2569 15:00,2026/10/03 15:00,,,,,-0.43,-0.43,,,,,1.15,1.41,0.92,1.15,,,,,-0.39,-0.39,,,,,1,,0,คลองบ้านหลาย,,,
0,235,1,0,,,,,,,0,1,พระนคร,Phra Nakhon,WL.KLD.01,,จุดวัดคลองหลอด ตอนสถานีสูบน้ำปากคลองตลาด,"Khlong Lod Measurement Point, Pak Klong Talat Pumping Station",ค.หลอด ส.ปากคลองตลาด,"Khlong Lod, Pak Klong Talat Pumping Station",1,,,,1,2,13.74261,100.49492,/Date(1791014400000)/,#24b295,ปกติ,Normal,4,03/10/2569 15:00,2026/10/03 15:00,,,,,-0.44,-0.44,,,,,1.8,1.8,0.6,0.7,,,,,-0.13,-0.15,,,,,1,,0,คลองหลอด,,,
0,163,1,0,,,,,,,0,9,พระโขนง,Phra Khanong,WL.KKD.02,,จุดวัดคลองเคล็ด ตอนถนนสุภาพงษ์ 1,"Khlong Kled Measurement Point, Thanon Supaphong 1",ค.เคล็ด ถ.สุภาพงษ์ 1,"Khlong Kled, Thanon Supaphong 1",1,,,,1,2,13.68886,100.63809,/Date(1791014400000)/,#24b295,ปกติ,Normal,4,03/10/2569 15:00,2026/10/03 15:00,,,,,-0.44,-0.44,,,,,1.1,1.1,0.6,0.8,,,,,-0.44,-0.44,,,,,1,,0,คลองเคล็ด,,,
0,123,1,0,,,,,,,0,41,หลักสี่,Lak Si,WL.BTL.01,,จุดวัดคลองบางตลาด ตอนท่าทราย,"Khlong Bang Talat Measurement Point, Tha Sai",ค.บางตลาด-ท่าทราย,"Khlong Bang Talat, Tha Sai",1,,,,1,2,13.87579,100.55819,/Date(1791014400000)/,#24b295,ปกติ,Normal,4,03/10/2569 15:00,2026/10/03 15:00,,,,,-0.44,-0.44,,,,,1.62,1.62,0.7,0.8,,,,,-0.18,0.24,,,,,1,,0,คลองบางตลาด,,,
0,36,2,1,0.0,,,,,,0,17,ห้วยขวาง,Huai Khwang,WL.SSN.08,,สถานีสูบน้ำ สามเสน ตอนคลองแสนแสบ,"Sam Sen Pumping Station, Khlong Saen Saep",ส.สามเสน-ค.แสนแสบ,"Sam Sen Pumping Station, Khlong Saen Saep",1,,,,1,2,13.74851,100.59904,/Date(1791014400000)/,#24b295,ปกติ,Normal,4,03/10/2569 15:00,2026/10/03 15:00,,,,,-0.45,-0.45,-0.42,-0.42,,,0.6,0.8,-0.1,0.0,0.1,0.3,,,-0.42,-0.22,-0.38,-0.15,,,1,,0,คลองสามเสน,,,
0,165,1,0,,,,,,,0,34,สวนหลวง,Suan Luang,WL.KSK.01,,จุดวัดคลองขุนสกล ตอนซอยศรีนครินทร์ 36 ,"Khlong Khun Sakon Measurement Point, Soi Srinakarin 36",ค.ขุนสกล ซ.ศรีนครินทร์ 36,"Khun Sakon Khlong, Soi Srinakarin 36",1,,,,1,2,13.70346,100.64388,/Date(1791014400000)/,#24b295,ปกติ,Normal,4,03/10/2569 15:00,2026/10/03 15:00,,,,,-0.46,-0.46,,,,,0.9,0.9,0.0,0.1,,,,,-0.44,-0.44,,,,,1,,0,คลองขุนสกล,,,
0,164,1,0,,,,,,,0,32,ประเวศ,Prawet,WL.KKD.03,,จุดวัดคลองเคล็ด ตอนถนนศรีนครินทร์,"Khlong Kled Measurement Point, Thanon Srinakarin",ค.เคล็ด ถ.ศรีนครินทร์ ,"Khlong Kled, Thanon Srinakarin",1,,,,1,2,13.67123,100.6439,/Date(1791014400000)/,#24b295,ปกติ,Normal,4,03/10/2569 15:00,2026/10/03 15:00,,,,,-0.48,-0.48,,,,,1.0,1.0,0.8,1.0,,,,,-0.48,0.0,,,,,1,,0,คลองเคล็ด,,,
0,137,1,0,,,,,,,0,34,สวนหลวง,Suan Luang,WL.BPA.01,,จุดวัดคลองบ้านป่า ตอนถนนพัฒนาการ,"Khlong Ban Pa Measurement Point, Thanon Phatthanakan",ค.บ้านป่า ถ.พัฒนาการ,"Khlong Ban Pa, Thanon Phatthanakan",1,,,,1,2,13.7367,100.61167,/Date(1791014400000)/,#24b295,ปกติ,Normal,4,03/10/2569 15:00,2026/10/03 15:00,,,,,-0.48,-0.48,,,,,0.7,0.7,-0.2,0.0,,,,,-0.38,-0.16,,,,,1,,0,คลองบ้านป่า,,,
0,86,1,0,,,,,,,0,34,สวนหลวง,Suan Luang,WL.KLT.01,,จุดวัดคลองตัน ช่วงใต้ทางด่วน,"Khlong Tan Measurement Point, Under the expressway",ค.ตัน-ทางด่วน,"Khlong Tan, the expressway",1,,,,1,2,13.73776,100.60436,/Date(1791014400000)/,#24b295,ปกติ,Normal,4,03/10/2569 15:00,2026/10/03 15:00,,,,,-0.48,-0.48,,,,,0.7,0.85,-0.2,0.0,,,,,-0.44,-0.23,,,,,1,,0,คลองตัน,,,
0,106,2,2,0.0,0.0,,,,,0,21,บางขุนเทียน,Bang Khun Thian,WL.RMT.01,,สถานีสูบน้ำ คลองพระยาราชมนตรี,Khlong Phraya Ratchamontri Pumping Station,ส.คลองพระยาราชมนตรี,Khlong Phraya Ratchamontri Pumping Station,1,,,,1,2,13.62817,100.43914,/Date(1791014400000)/,#24b295,ปกติ,Normal,4,03/10/2569 15:00,2026/10/03 15:00,,,,,-0.5,-0.5,0.98,0.98,,,1.2,1.2,0.4,0.5,1.0,1.2,,,-0.35,-0.47,0.98,1.0,,,1,,0,คลองพระยาราชมนตรี,,,
0,5,1,0,,,,,,,0,29,บางซื่อ,Bang Sue,WL.BKA.02,,จุดวัดคลองบางเขน ช่วงถนนกรุงเทพ-นนทบุรี,"Khlong Bang Khen Measurement Point, Thanon Krung Thep-Nonthaburi",ค.บางเขน ถ.กรุงเทพ-นนท์,"Khlong Bang Khen, Thanon Krung Thep - Non",1,,,,1,2,13.83374,100.52207,/Date(1791014400000)/,#24b295,ปกติ,Normal,4,03/10/2569 15:00,2026/10/03 15:00,,,,,-0.5,-0.5,,,,,0.9,0.8,0.7,0.9,,,,,-0.45,0.28,,,,,1,,0,คลองบางเขน,,,
0,156,1,0,,,,,,,0,17,ห้วยขวาง,Huai Khwang,WL.HKG.02,,จุดวัดคลองห้วยขวาง ตอนถนนเทียมร่วมมิตร,"Khlong Huai Khwang Measurement Point, Thanon Thiam Ruam Mit ",ค.ห้วยขวาง ถ.เทียมร่วมมิตร,"Khlong Huai Khwang, Thanon Thiam Ruam Mit",1,,,,1,2,13.76755,100.57674,/Date(1791014400000)/,#24b295,ปกติ,Normal,4,03/10/2569 15:00,2026/10/03 15:00,,,,,-0.52,-0.52,,,,,0.3,0.3,0.1,0.3,,,,,-0.51,-0.29,,,,,1,,0,คลองห้วยขวาง,,,
0,232,1,0,,,,,,,0,2,ดุสิต,Dusit,WL.KKS.02,,จุดวัดคลองผดุงกรุงเกษม ตอนทำเนียบรัฐบาล,"Khlong Phdung Krung Kasem Measurement Point, Government House",ค.ผดุงกรุงเกษม ทำเนียบรัฐบาล,"Khlong Phdung Krung Kasem, Government House",1,,,,1,2,13.76099,100.51212,/Date(1791014400000)/,#24b295,ปกติ,Normal,4,03/10/2569 15:00,2026/10/03 15:00,,,,,-0.53,-0.53,,,,,1.1,1.2,0.6,0.7,,,,,-0.48,-0.08,,,,,1,,0,คลองผดุงกรุงเกษม,,,
0,49,1,0,,,,,,,0,47,บางนา,Bang Na,WL.BNA.03,,จุดวัดคลองบางนา ตอนถนนศรีนครินทร์,"Khlong Bang Na Measurement Point, Thanon Srinagarindra",ค.บางนา ถ.ศรีนครินทร์,"Khlong Bang Na, Thanon Srinagarindra",1,,,,1,2,13.66102,100.63926,/Date(1791014400000)/,#24b295,ปกติ,Normal,4,03/10/2569 15:00,2026/10/03 15:00,,,,,-0.54,-0.54,,,,,0.7,0.7,0.4,0.6,,,,,-0.5,-0.41,,,,,1,,0,คลองบางนา,,,
0,50,2,3,0.0,0.0,0.0,,,,0,51,อำเภอเมืองสมุทรปราการ,Mueang Samut Prakan District,WL.SRG.01,,สถานีสูบน้ำ คลองสำโรง,Khlong Samrong Pumping Station,ส.คลองสำโรง,Khlong Samrong Pumping Station,1,,,,1,2,13.64855,100.59523,/Date(1791014400000)/,#24b295,ปกติ,Normal,4,03/10/2569 15:00,2026/10/03 15:00,,,,,-0.54,-0.54,1.33,1.33,,,1.98,1.98,0.7,0.8,1.8,1.9,,,-0.46,0.0,1.54,1.6,,,1,,0,คลองสำโรง,,,
0,121,1,0,,,,,,,0,14,พญาไท,Phaya Thai,WL.SSN.03,,จุดวัดคลองสามเสน ตอนถนนพระรามที่ 6,"Khlong Samsen Measurement Point, Thanon Rama VI",ค.สามเสน ถ.พระราม 6,"Khlong Samsen, Thanon Rama VI",1,,,,2,0,13.77284,100.53,/Date(1771650300000)/,#676b6b,ขัดข้อง,out of order,322739,21/02/2569 12:05,2026/02/21 12:05,,,,,-0.54,-0.54,,,,,0.5,0.5,0.3,0.4,,,,,-0.49,-0.48,,,,,0,#676a6c,0,คลองสามเสน,,,
0,151,1,0,,,,,,,0,47,บางนา,Bang Na,WL.LSM.01,,จุดวัดคลองหลอด 3 ตอนถนนบางนา ตราด,"Khlong Lod 3 Measurement Point, Thanon Bang Na-Trat",ค.หลอด 3 บางนา ตราด,"Khlong Lod 3, Thanon Bang Na-Trat",1,,,,1,2,13.66749,100.63337,/Date(1791014400000)/,#24b295,ปกติ,Normal,4,03/10/2569 15:00,2026/10/03 15:00,,,,,-0.55,-0.55,,,,,0.7,0.7,0.4,0.6,,,,,-0.53,-0.42,,,,,1,,0,คลองหลอด 3,,,
0,236,1,0,,,,,,,0,1,พระนคร,Phra Nakhon,WL.BLP.02,,จุดวัดคลองบางลำพู ตอนสะพานผ่านฟ้า,"Khlong Bang Lamphu Measurement Point, Phan Fa Bridge",ค.บางลำพู สะพานผ่านฟ้า,"Khlong Bang Lamphu, Phan Fa Bridge",1,,,,1,2,13.75655,100.50563,/Date(1791014400000)/,#24b295,ปกติ,Normal,4,03/10/2569 15:00,2026/10/03 15:00,,,,,-0.56,-0.56,,,,,1.0,1.0,1.65,1.85,,,,,-0.53,-0.1,,,,,1,,0,คลองบางลำพู,,,
0,268,1,0,,,,,,,0,34,สวนหลวง,Suan Luang,WL.SOL.01,,จุดวัดคลองสวนอ้อย ตอนถนนอ่อนนุช ซอย 28,"Khlong Suan Oi Measurement Point, Thanon On Nut, Soi 28",ค.สวนอ้อย-ถ.อ่อนนุช ซอย 28,"Khlong Suan Oi, Thanon On Nut, Soi 28",2,,,,1,2,13.70696,100.6159,/Date(1791014400000)/,#24b295,ปกติ,Normal,4,03/10/2569 15:00,2026/10/03 15:00,,,,,-0.56,-0.56,,,,,0.81,0.81,0.65,0.81,,,,,-0.53,-0.45,,,,,1,,0,คลองสวนอ้อย,,,
0,155,1,0,,,,,,,0,26,ดินแดง,Din Daeng,WL.HKG.01,,จุดวัดคลองห้วยขวาง ตอนถนนประชาสงเคราะห์,"Khlong Huai Khwang Measurement Point, Thanon Prachasongkhro",ค.ห้วยขวาง ถ.ประชาสงเคราะห์,"Khlong Huai Khwang, Thanon Prachasongkhro",1,,,,1,2,13.77814,100.57206,/Date(1791014400000)/,#24b295,ปกติ,Normal,4,03/10/2569 15:00,2026/10/03 15:00,,,,,-0.57,-0.57,,,,,0.0,0.0,-0.2,0.0,,,,,-0.55,-0.18,,,,,1,,0,คลองห้วยขวาง,,,
0,33,2,2,0.0,0.0,,,,,0,1,พระนคร,Phra Nakhon,WL.KKS.01,,สถานีสูบน้ำ เทเวศร์,Thewet Pumping Station,ส.เทเวศร์,Thewet Pumping Station,1,,,,1,2,13.7717,100.50113,/Date(1791014400000)/,#24b295,ปกติ,Normal,4,03/10/2569 15:00,2026/10/03 15:00,,,,,-0.57,-0.57,1.78,1.78,,,1.3,3.25,0.6,0.7,2.55,2.75,,,-0.52,-0.12,1.9,1.89,,,1,,0,คลองผดุงกรุงเกษม,,,
0,84,1,0,,,,,,,0,8,ป้อมปราบศัตรูพ่าย,Pom Prap Sattru Phai,WL.SSB.01,,จุดวัดคลองแสนแสบ ช่วงคลองผดุงกรุงเกษม (โบ๊เบ๊),"Khlong Saen Saep Measurement Point, Khlong Phadung Krung Kasem (Bo Bae)",ค.แสนแสบ-โบ๊เบ๊,"Khlong Saen Saep, Bo Bae",1,,,,1,2,13.75287,100.51722,/Date(1791014400000)/,#24b295,ปกติ,Normal,4,03/10/2569 15:00,2026/10/03 15:00,,,,,-0.58,-0.58,,,,,1.0,1.0,0.6,0.7,,,,,-0.55,-0.13,,,,,1,,0,คลองแสนแสบ,,,
0,38,2,1,0.0,,,,,,0,4,บางรัก,Bang Rak,WL.KKS.04,,สถานีสูบน้ำ กรุงเกษม,Krung Kasem Pumping Station,ส.กรุงเกษม,Krung Kasem Pumping Station,1,,,,1,2,13.73035,100.5141,/Date(1791014400000)/,#24b295,ปกติ,Normal,4,03/10/2569 15:00,2026/10/03 15:00,,,,,-0.59,-0.59,1.5,1.5,,,2.6,2.8,0.6,0.7,2.1,2.3,,,-0.54,-0.15,1.5,1.5,,,1,,0,คลองผดุงกรุงเกษม,,,
0,173,1,0,,,,,,,0,34,สวนหลวง,Suan Luang,WL.KNB.01,,จุดวัดคลองหนองบอน ตอนอ่อนนุช 66 ซอย 13,"Khlong Nong Bon Measurement Point, On Nut 66 Soi 13",ค.หนองบอน อ่อนนุช 66 ซ.13,"Khlong Nong Bon, On Nut 66 Soi 13",1,,,,1,2,13.70382,100.65075,/Date(1791014400000)/,#24b295,ปกติ,Normal,4,03/10/2569 15:00,2026/10/03 15:00,,,,,-0.6,-0.6,,,,,2.0,2.0,0.0,0.1,,,,,-0.57,-0.56,,,,,1,,0,คลองหนองบอน,,,
0,266,1,0,,,,,,,0,1,พระนคร,Phra Nakhon,WL.OAG.01,,จุดวัดคลองโอ่งอ่าง ตอนประตูระบายน้ำวัดเทพธิดาราม ,"Khlong Ong Ang Measurement Point, Wat Thepthidaram Water Gate",ค.โอ่งอ่าง ปตร.วัดเทพธิดาราม ,"Khlong Ong Ang, Wat Thepthidaram Water Gate",1,,,,1,2,13.75379,100.50538,/Date(1791014400000)/,#24b295,ปกติ,Normal,4,03/10/2569 15:00,2026/10/03 15:00,,,,,-0.61,-0.61,,,,,1.0,1.2,0.8,1.0,,,,,-0.57,-0.16,,,,,1,,0,คลองโอ่งอ่าง,,,
0,233,1,0,,,,,,,0,7,ปทุมวัน,Pathum Wan,WL.KKS.03,,จุดวัดคลองผดุงกรุงเกษม ตอนหัวลำโพง,"Khlong Phdung Krung Kasem Measurement Point, Wat Hua Lamphong",ค.ผดุงกรุงเกษม หัวลำโพง,"Khlong Phdung Krung Kasem, Wat Hua Lamphong",1,,,,1,2,13.74126,100.51582,/Date(1791014400000)/,#24b295,ปกติ,Normal,4,03/10/2569 15:00,2026/10/03 15:00,,,,,-0.62,-0.62,,,,,1.9,1.5,0.6,0.7,,,,,-0.58,-0.17,,,,,1,,0,คลองผดุงกรุงเกษม,,,
0,138,1,0,,,,,,,0,6,บางกะปิ,Bang Kapi,WL.KJA.01,,จุดวัดคลองกะจะ ตอนถนนพระราม 9,"Khlong Kaja Measurement Point, Thanon Rama IX",ค.กะจะ ถ.พระราม 9 ,"Khlong Kaja, Thanon Rama IX",1,,,,1,0,13.74381,100.61168,/Date(1791002400000)/,#676b6b,ขัดข้อง,out of order,204,03/10/2569 11:40,2026/10/03 11:40,,,,,-0.62,-0.62,,,,,2.0,2.0,0.0,0.1,,,,,-0.61,-0.46,,,,,0,#676a6c,0,คลองกะจะ,,,
0,104,2,1,0.0,,,,,,0,21,บางขุนเทียน,Bang Khun Thian,WL.LPN.01,,สถานีสูบน้ำ คลองเลนเปน,Khlong Len Pen Pumping Station,ส.คลองเลนเปน,Khlong Len Pen Pumping Station,1,,,,1,3,13.60695,100.41311,/Date(1791014400000)/,#f4b05b,เตือนภัย,Alert,4,03/10/2569 15:00,2026/10/03 15:00,,,,,-0.64,-0.64,1.03,1.03,,,1.98,1.98,0.4,0.5,1.0,1.2,,,-0.26,-0.35,1.03,1.07,,,1,,0,คลองเลนเปน,,,
0,54,2,1,0.0,,,,,,0,12,ยานนาวา,Yan Nawa,WL.KDN.01,,ประตูระบายน้ำ คลองวัดด่าน,Khlong Wat Dan Water Gate,ปตร.คลองวัดด่าน,Khlong Wat Dan Water Gate,1,,,,1,2,13.67068,100.54016,/Date(1791014400000)/,#24b295,ปกติ,Normal,4,03/10/2569 15:00,2026/10/03 15:00,,,,,-0.67,-0.67,1.32,1.32,,,2.6,2.8,0.5,0.6,2.1,2.3,,,-0.55,-0.58,1.62,1.67,,,1,,0,คลองวัดด่าน,,,
0,152,1,0,,,,,,,0,38,ลาดพร้าว,Lat Phrao,WL.SKT.01,,จุดวัดคลองทรงกระเทียม ตอนถนนนาคนิวาส,"Khlong Song Kratiam Measurement Point, Thanon Nakniwat",ค.ทรงกระเทียม ถ.นาคนิวาส,"Khlong Song Kratiam, Thanon Nakniwat",1,,,,1,2,13.80028,100.6068,/Date(1791014400000)/,#24b295,ปกติ,Normal,4,03/10/2569 15:00,2026/10/03 15:00,,,,,-0.67,-0.67,,,,,1.0,1.0,-0.2,0.0,,,,,-0.53,-0.18,,,,,1,,0,คลองทรงกระเทียม,,,
0,12,1,0,,,,,,,0,29,บางซื่อ,Bang Sue,WL.BSU.02,,จุดวัดคลองบางซื่อ ช่วงถนนพระรามที่ 5,"Khlong Bang Sue Measurement Point, Thanon Rama V",ค.เปรมฯ ถ.พระราม 5,"Khlong Prem, Thanon Rama V",1,,,,1,2,13.79815,100.53226,/Date(1791014400000)/,#24b295,ปกติ,Normal,4,03/10/2569 15:00,2026/10/03 15:00,,,,,-0.68,-0.68,,,,,0.9,1.0,1.0,1.2,,,,,-0.68,-0.55,,,,,1,,0,คลองบางซื่อ,,,
0,43,2,3,0.0,0.0,0.0,,,,0,33,คลองเตย,Khlong Toei,WL.PKN.01,,สถานีสูบน้ำ พระโขนง,Phra Khanong Pumping Station,ส.พระโขนง,Phra Khanong Pumping Station,1,,,,1,2,13.70901,100.59503,/Date(1791014400000)/,#24b295,ปกติ,Normal,4,03/10/2569 15:00,2026/10/03 15:00,,,,,-0.69,-0.69,1.37,1.37,,,0.15,2.8,-0.2,-0.1,2.1,2.3,,,-0.67,-0.57,1.74,1.82,,,1,,0,คลองพระโขนง,,,
0,187,1,0,,,,,,,0,6,บางกะปิ,Bang Kapi,WL.YPN.01,,จุดวัดคลองยายเผื่อน ตอนแฮปปี้แลนด์,"Khlong Yai Puen Measurement Point, Happy Land",ค.ยายเผื่อน แฮปปี้แลนด์,"Khlong Yai Puen, Happy Land",1,,,,1,2,13.77868,100.64013,/Date(1791014400000)/,#24b295,ปกติ,Normal,4,03/10/2569 15:00,2026/10/03 15:00,,,,,-0.69,-0.69,,,,,0.0,0.0,-0.2,0.0,,,,,-0.56,-0.33,,,,,1,,0,คลองยายเผื่อน,,,
0,271,1,0,,,,,,,0,27,บึงกุ่ม,Bueng Kum,WL.LPP.01,,จุดวัดบึงรับน้ำลำพังพวย ตอนถนนนวมินทร์,"Bueng Lamphang Phuai Measurement Point, Thanon Nawamin",บึงรับน้ำลำพังพวย-ถ.นวมินทร์,"Bueng Lamphang Phuai, Thanon Nawamin",2,,,,1,2,13.78472,100.6481,/Date(1791014400000)/,#24b295,ปกติ,Normal,4,03/10/2569 15:00,2026/10/03 15:00,,,,,-0.69,-0.69,,,,,0.73,0.68,0.4,0.5,,,,,-0.44,-0.28,,,,,1,,0,บึงรับน้ำลำพังพวย,,,
0,276,1,0,,,,,,,0,38,ลาดพร้าว,Lat Phrao,WL.MFS.01,,จุดวัดบึงรับน้ำหมู่บ้านแฟรนต์ชิพ ตอนประตูระบายน้ำคลองออหลาว,"Bueng Muban Friendship Measurement Point, Khlong Or Law Water Gate",บึงรับน้ำหมู่บ้านแฟรนต์ชิพ-ปตร.คลองออหลาว,"Bueng Muban Friendship, Khlong Or Law Water Gate",2,,,,1,2,13.8399,100.62865,/Date(1791014400000)/,#24b295,ปกติ,Normal,4,03/10/2569 15:00,2026/10/03 15:00,,,,,-0.69,-0.69,,,,,1.33,1.27,1.02,1.27,,,,,-0.66,-0.66,,,,,1,,0,บึงหมู่บ้านเฟรนต์ชิพ,,,
0,265,1,0,,,,,,,0,5,บางเขน,Bang Khen,WL.KCD.01,,จุดวัดคลองกระเฉด (โรงควบคุมคุณภาพน้ำรามอินทรา),Khlong Krachet Measurement Point (Ram Intra water quality control plant),ค.กระเฉด(โรงควบคุมคุณภาพน้ำรามอินทรา),Khlong Krachet (Ram Intra water quality control plant),1,,,,1,2,13.85826,100.62848,/Date(1791014400000)/,#24b295,ปกติ,Normal,4,03/10/2569 15:00,2026/10/03 15:00,,,,,-0.73,-0.73,,,,,0.2,0.2,-0.4,-0.2,,,,,-0.63,-0.74,,,,,1,,0,คลองกระเฉด,,,
0,161,1,0,,,,,,,0,32,ประเวศ,Prawet,WL.TCG.01,,จุดวัดคลองตาช้าง ตอนถนนศรีนครินทร์ ,"Khlong Ta Chang Measurement Point, Thanon Srinakarin",ค.ตาช้าง ถ.ศรีนครินทร์,"Khlong Ta Chang, Thanon Srinakarin",1,,,,1,2,13.68353,100.64666,/Date(1791014400000)/,#24b295,ปกติ,Normal,4,03/10/2569 15:00,2026/10/03 15:00,,,,,-0.78,-0.78,,,,,1.0,1.0,-0.5,-0.2,,,,,-0.77,-0.78,,,,,1,,0,คลองตาช้าง,,,
0,308,1,0,,,,,,,0,9,พระโขนง,Phra Khanong,WL.BNJ.05,,คลองบางนางจีน ตอนแยกถนนสุขุมวิท 101/1*,"Khlong Bang Nang Chin, Sukhumvit 101/1 Intersection *",คลองบางนางจีน ตอนแยกถนนสุขุมวิท 101/1*,"Khlong Bang Nang Chin, Sukhumvit 101/1 Intersection *",3,https://bmawaterflow.bangkok.go.th/station?id=4f77892f-3d40-4466-aaf5-4e317ccaf017,,,1,0,13.68415,100.6103,/Date(1790972100000)/,#676b6b,ขัดข้อง,out of order,709,03/10/2569 03:15,2026/10/03 03:15,,,,,-0.78,-0.78,,,,,,,-0.1,0.1,,,,,,,,,,,0,#676a6c,0,คลองบางนางจีน,,,
0,28,2,6,0.0,0.0,0.0,2.04,0.0,4.5,0,2,ดุสิต,Dusit,WL.BSU.01,,สถานีสูบน้ำ คลองบางซื่อ,Khlong Bang Sue Pumping Station,ส.คลองบางซื่อ,Khlong Bang Sue Pumping Station,1,,,,1,2,13.80009,100.5184,/Date(1791014400000)/,#24b295,ปกติ,Normal,4,03/10/2569 15:00,2026/10/03 15:00,,,,,-0.8,-0.8,1.96,1.96,,,0.9,3.5,0.3,0.4,2.8,3.0,,,-0.8,-0.65,2.05,2.04,,,1,,0,คลองบางซื่อ,,,
0,105,2,1,0.0,,,,,,0,21,บางขุนเทียน,Bang Khun Thian,WL.RHN.01,,สถานีสูบน้ำ คลองระหาญ,Khlong Rahan Pumping Station,ส.คลองระหาญ,Khlong Rahan Pumping Station,1,,,,1,2,13.60384,100.3946,/Date(1791014400000)/,#24b295,ปกติ,Normal,4,03/10/2569 15:00,2026/10/03 15:00,,,,,-0.83,-0.83,0.97,0.97,,,1.98,1.98,0.4,0.5,1.0,1.2,,,-0.24,-0.14,0.97,0.95,,,1,,0,คลองระหาญ,,,
0,107,2,2,0.0,0.0,,,,,0,18,คลองสาน,Khlong San,WL.BSK.01,,สถานีสูบน้ำ คลองบางไส้ไก่,Khlong Bang Sai Kai Pumping Station,ส.คลองบางไส้ไก่,Khlong Bang Sai Kai Pumping Station,1,,,,1,2,13.70682,100.49744,/Date(1791014400000)/,#24b295,ปกติ,Normal,4,03/10/2569 15:00,2026/10/03 15:00,,,,,-0.83,-0.83,1.49,1.49,,,2.6,2.8,0.7,0.8,2.1,2.3,,,0.45,0.33,1.72,1.75,,,1,,0,คลองบางไส้ไก่,,,
0,122,1,0,,,,,,,0,17,ห้วยขวาง,Huai Khwang,WL.SSN.07,,จุดวัดคลองสามเสน ตอนถนนอโศก,"Khlong Samsen Measurement Point, Thanon Asoke",ค.สามเสน ถ.อโศก,"Khlong Samsen, Thanon Asoke",1,,,,1,2,13.75512,100.56505,/Date(1791014100000)/,#24b295,ปกติ,Normal,9,03/10/2569 14:55,2026/10/03 14:55,,,,,-0.83,-0.83,,,,,1.0,0.7,0.0,0.1,,,,,-0.83,-0.45,,,,,1,,0,คลองสามเสน,,,
0,115,1,0,,,,,,,0,17,ห้วยขวาง,Huai Khwang,WL.YSN.02,,จุดวัดคลองยายสุ่น ตอนถนนรัชดาภิเษก ,"Khlong Yi Sun Measurement Point, Thanon Ratchadaphisek",ค.คลองยายสุ่น ถ.รัชดาภิเษก,"Khlong Yi Sun, Thanon Ratchadaphisek",1,,,,1,2,13.76324,100.56823,/Date(1791014400000)/,#24b295,ปกติ,Normal,4,03/10/2569 15:00,2026/10/03 15:00,,,,,-0.83,-0.83,,,,,1.84,1.93,0.2,0.4,,,,,-0.77,-0.4,,,,,1,,0,คลองยายสุ่น,,,
0,159,1,0,,,,,,,0,36,ดอนเมือง,Don Mueang,WL.TUT.02,,จุดวัดคลองตาอูฐ ตอนซอยแจ้งวัฒนะ 14,"Khlong Ta Uth Measurement Point, Soi Chaeng Watthana 14",ค.ตาอูฐ ซ.แจ้งวัฒนะ 14,"Khlong Ta Uth, Soi Chaeng Watthana 14",1,,,,1,2,13.91159,100.56559,/Date(1791014400000)/,#24b295,ปกติ,Normal,4,03/10/2569 15:00,2026/10/03 15:00,,,,,-0.85,-0.85,,,,,0.8,0.8,0.3,0.5,,,,,0.62,-0.48,,,,,1,,0,คลองตาอูฐ,,,
0,179,1,0,,,,,,,0,41,หลักสี่,Lak Si,WL.RKC.01,,จุดวัดคลองข้างศูนย์ราชการ,Khlong Khang Sun Ratchakan Measurement Point,ค.ข้างศูนย์ราชการ,Khlong Khang Sun Ratchakan,1,,,,1,2,13.88457,100.56277,/Date(1791013800000)/,#24b295,ปกติ,Normal,14,03/10/2569 14:50,2026/10/03 14:50,,,,,-0.85,-0.85,,,,,1.0,1.0,1.0,1.2,,,,,-0.38,-0.54,,,,,1,,0,คลองข้างศูนย์ราชการ,,,
0,321,1,0,,,,,,,0,41,หลักสี่,Lak Si,WL.BSE.01,,บึงสีกัน*,Bueng Si Kan *,บึงสีกัน*,Bueng Si Kan *,3,https://bmawaterflow.bangkok.go.th/station?id=50ac4612-1663-4dde-85a2-ae5d999e5493,,,1,0,13.90502,100.5606,/Date(1790972100000)/,#676b6b,ขัดข้อง,out of order,709,03/10/2569 03:15,2026/10/03 03:15,,,,,-0.85,-0.85,,,,,,,0.86,1.06,,,,,,,,,,,0,#676a6c,0,บึงสีกัน,,,
0,97,2,2,0.0,0.0,,,,,0,15,ธนบุรี,Thon Buri,WL.SRE.01,,สถานีสูบน้ำ คลองสำเหร่,Khlong Samre Pumping Station,ส.คลองสำเหร่,Khlong Samre Pumping Station,1,,,,1,2,13.70671,100.49647,/Date(1791014400000)/,#24b295,ปกติ,Normal,4,03/10/2569 15:00,2026/10/03 15:00,,,,,-0.86,-0.86,1.54,1.54,,,2.6,2.8,0.5,0.6,2.1,2.3,,,0.21,-0.03,1.76,1.8,,,1,,0,คลองสำเหร่,,,
0,80,1,0,,,,,,,0,2,ดุสิต,Dusit,WL.SSN.02,,จุดวัดคลองสามเสน ช่วงถนนพระรามที่ 5,"Khlong Samsen Measurement Point, Rama V Road",ค.สามเสน ถ.พระราม 5,"Khlong Samsen, Rama V Road",1,,,,1,2,13.77772,100.52121,/Date(1791014400000)/,#24b295,ปกติ,Normal,4,03/10/2569 15:00,2026/10/03 15:00,,,,,-0.89,-0.89,,,,,1.4,0.9,0.4,0.5,,,,,-0.79,-0.43,,,,,1,,0,คลองสามเสน,,,
0,167,1,0,,,,,,,0,9,พระโขนง,Phra Khanong,WL.BNJ.03,,จุดวัดคลองบางนางจีน ตอนซอยสุขุมวิท 93,"Khlong Bang Nang Chin Measurement Point, Soi Sukhumvit 93",ค.บางนางจีน ซ.สุขุมวิท 93,"Khlong Bang Nang Chin, Soi Sukhumvit 93",1,,,,1,2,13.7006,100.60891,/Date(1791014400000)/,#24b295,ปกติ,Normal,4,03/10/2569 15:00,2026/10/03 15:00,,,,,-0.9,-0.9,,,,,0.0,0.0,-0.1,0.0,,,,,-0.79,-0.59,,,,,1,,0,คลองบางนางจีน,,,
0,166,1,0,,,,,,,0,9,พระโขนง,Phra Khanong,WL.BNJ.01,,จุดวัดคลองบางนางจีน ตอนสถานีสูบน้ำบางนางจีน,"Khlong Bang Nang Chin Measurement Point, Bang Nang Chin Pumping Station",ค.บางนางจีน ส.สูบน้ำบางนางจีน,"Khlong Bang Nang Chin, Bang Nang Chin Pumping Station",1,,,,1,2,13.71075,100.60308,/Date(1791014100000)/,#24b295,ปกติ,Normal,9,03/10/2569 14:55,2026/10/03 14:55,,,,,-0.92,-0.92,,,,,0.7,0.7,-0.5,-0.4,,,,,-0.82,0.0,,,,,1,,0,คลองบางนางจีน,,,
0,309,1,0,,,,,,,0,32,ประเวศ,Prawet,WL.MKT.02,,คลองมะขามเทศ ตอนบึงหนองบอน*,"Khlong Makham Thet, Bueng Nong Bon*",คลองมะขามเทศ ตอนบึงหนองบอน*,"Khlong Makham Thet, Bueng Nong Bon*",3,https://bmawaterflow.bangkok.go.th/station?id=1edc7b3a-7db9-4c69-9675-681e115b259d,,,1,0,13.69984,100.6625,/Date(1790972100000)/,#676b6b,ขัดข้อง,out of order,709,03/10/2569 03:15,2026/10/03 03:15,,,,,-0.93,-0.93,,,,,,,320.0,450.0,,,,,,,,,,,0,#676a6c,0,คลองมะขามเทศ,,,
0,192,1,0,,,,,,,0,45,วังทองหลาง,Wang Thonglang,WL.WTK.01,,จุดวัดคลองวัดตึก ตอนถนนลาดพร้าว,"Khlong Tuek Temple Measurement Point, Thanon Lat Phrao",ค.วัดตึก ถ.ลาดพร้าว,"Khlong Tuek Temple, Thanon Lat Phrao",1,,,,1,2,13.78678,100.60758,/Date(1791014400000)/,#24b295,ปกติ,Normal,4,03/10/2569 15:00,2026/10/03 15:00,,,,,-1.01,-1.01,,,,,1.0,1.0,0.3,0.4,,,,,-0.76,-0.33,,,,,1,,0,คลองวัดตึก,,,
0,274,1,0,,,,,,,0,14,พญาไท,Phaya Thai,WL.VPD.02,,จุดวัดคูน้ำวิภาวดี ตอนกรมดุริยางค์ทหารบก,"Khu Nam Vibhavadi Measurement Point, Royal Thai Army Band Department",คูน้ำวิภาวดี-กรมดุริยางค์ทหารบก,"Khu Nam Vibhavadi, Royal Thai Army Band Department",2,,,,1,2,13.76996,100.55081,/Date(1791014400000)/,#24b295,ปกติ,Normal,4,03/10/2569 15:00,2026/10/03 15:00,,,,,-1.03,-1.03,,,,,0.64,0.57,0.2,0.3,,,,,-0.81,-0.8,,,,,1,,0,คูน้ำวิภาวดี,,,
0,307,1,0,,,,,,,0,41,หลักสี่,Lak Si,WL.KBP.01,,คลองบางพูด ตอนบึงสีกัน*,"Khlong Bang Phut, Bueng Si Kan*",คลองบางพูด ตอนบึงสีกัน*,"Khlong Bang Phut, Bueng Si Kan*",3,https://bmawaterflow.bangkok.go.th/station?id=e3272780-4997-4e9f-bbd8-4d1376823529,,,1,0,13.90732,100.5619,/Date(1790972100000)/,#676b6b,ขัดข้อง,out of order,709,03/10/2569 03:15,2026/10/03 03:15,,,,,-1.03,-1.03,,,,,,,2.8,3.4,,,,,,,,,,,0,#676a6c,0,คลองบางพูด,,,
0,14,1,0,,,,,,,0,30,จตุจักร,Chatuchak,WL.BSU.05,,จุดวัดคลองบางซื่อ ช่วงถนนวิภาวดีรังสิต,"Khlong Bang Sue Measurement Point, Thanon Vibhavadi Rangsit",ค.บางซื่อ ถ.วิภาวดีฯ,"Khlong Bang Sue, Thanon Vibhavadi Rangsit",1,,,,1,2,13.79486,100.56157,/Date(1791014400000)/,#24b295,ปกติ,Normal,4,03/10/2569 15:00,2026/10/03 15:00,,,,,-1.03,-1.03,,,,,1.1,1.25,0.3,0.5,,,,,-0.78,-0.8,,,,,1,,0,คลองบางซื่อ,,,
0,41,3,3,0.0,0.0,0.0,,,,0,4,บางรัก,Bang Rak,WL.STR.01,,สถานีสูบน้ำ คลองสาทร,Sathon Pumping Station,ส.สาทร,Sathon Pumping Station,1,,,,1,2,13.71861,100.51499,/Date(1791014400000)/,#24b295,ปกติ,Normal,4,03/10/2569 15:00,2026/10/03 15:00,,,,,-1.04,-1.04,0.24,0.24,1.51,1.51,2.0,2.8,0.0,0.2,2.1,2.3,2.1,2.3,-0.98,-0.31,0.25,0.26,1.71,1.73,1,,0,คลองสาทร,,,
0,237,1,0,,,,,,,0,47,บางนา,Bang Na,WL.BNA.02,,จุดวัดคลองบางนา ตอนถนนสุขุมวิท,"Khlong Bang Na Measurement Point, Thanon Sukhumvit",ค.บางนา ถ.สุขุมวิท,"Khlong Bang Na, Thanon Sukhumvit",1,,,,1,2,13.66948,100.60535,/Date(1791014400000)/,#24b295,ปกติ,Normal,4,03/10/2569 15:00,2026/10/03 15:00,,,,,-1.06,-1.06,,,,,0.6,0.5,0.5,0.7,,,,,-0.95,-0.66,,,,,1,,0,คลองบางนา,,,
0,231,1,0,,,,,,,0,39,วัฒนา,Watthana,WL.WTN.02,,จุดวัดคูน้ำวัฒนา ตอนโรงเรียนวัฒนาวิทยาลัย,"Khlong Wathana Measurement Point, Watthana Witthaya School",คูน้ำวัฒนา รร.วัฒนาวิทยาลัย,"Khlong Wathana, Watthana Witthaya School",1,,,,1,2,13.74233,100.56054,/Date(1791014400000)/,#24b295,ปกติ,Normal,4,03/10/2569 15:00,2026/10/03 15:00,,,,,-1.07,-1.07,,,,,0.2,0.2,-0.2,0.0,,,,,-1.07,-1.02,,,,,1,,0,คูน้ำวัฒนา,,,
0,293,1,0,,,,,,,0,14,พญาไท,Phaya Thai,WL.VPD.01,,จุดวัดคูน้ำวิภาวดี ตอนหน้าสนามกีฬากองทัพบก,"Khu Nam Vibhavadi Measurement Point, in front of the Royal Thai Army Sports Stadium",คูน้ำวิภาวดี-สนามกีฬา ทบ.,"Khu Nam Vibhavadi, in front of the Royal Thai Army Sports Stadium",1,,,,1,2,13.78252,100.55784,/Date(1791014400000)/,#24b295,ปกติ,Normal,4,03/10/2569 15:00,2026/10/03 15:00,,,,,-1.07,-1.07,,,,,0.64,0.64,0.2,0.3,,,,,-0.86,-0.84,,,,,1,,0,คูน้ำวิภาวดี,,,
0,211,1,0,,,,,,,0,41,หลักสี่,Lak Si,WL.TTN.01,,จุดวัดคลองลาดโตนด ตอน ปตร.คลองลาดโตนด,"Khlong Lat Tanod Measurement Point, Khlong Lat Tanodd Water Gate",ค.ลาดโตนด ปตร.คลองลาดโตนด,"Khlong Lat Tanod, Khlong Lat Tanod Water Gate",1,,,,1,0,13.85509,100.56001,/Date(1791007200000)/,#676b6b,ขัดข้อง,out of order,124,03/10/2569 13:00,2026/10/03 13:00,,,,,-1.07,-1.07,,,,,1.0,1.0,0.1,0.2,,,,,0.0,0.27,,,,,0,#676a6c,0,คลองลาดโตนด,,,
0,277,1,0,,,,,,,0,32,ประเวศ,Prawet,WL.AJP.01,,จุดวัดคลองอาจารย์พร ตอนปตร.คลองอาจารย์พร,"Khlong Ajarn Phon Measurement Point, Khlong Ajarn Phon Water Gate",ค.อาจารย์พร-ปตร.คลองอาจารย์พร,"Khlong Ajarn Phon, Khlong Ajarn Phon Water Gate",2,,,,1,2,13.66424,100.68944,/Date(1791014400000)/,#24b295,ปกติ,Normal,4,03/10/2569 15:00,2026/10/03 15:00,,,,,-1.08,-1.08,,,,,0.91,0.89,0.71,0.89,,,,,-0.1,-0.08,,,,,1,,0,คลองอาจารย์พร,,,
0,13,1,0,,,,,,,0,30,จตุจักร,Chatuchak,WL.BSU.04,,จุดวัดคลองบางซื่อ ช่วงถนนพหลโยธิน,"Khlong Bang Sue Measurement Point, Thanon Phahon Yothin",ค.บางซื่อ ถ.พหลฯ,"Khlong Bang Sue, Thanon Phahon Yothin",1,,,,1,2,13.79619,100.55035,/Date(1791014400000)/,#24b295,ปกติ,Normal,4,03/10/2569 15:00,2026/10/03 15:00,,,,,-1.08,-1.08,,,,,0.6,0.55,0.4,0.5,,,,,-0.8,-0.95,,,,,1,,0,คลองบางซื่อ,,,
0,120,1,0,,,,,,,0,30,จตุจักร,Chatuchak,WL.BSU.03,,จุดวัดคลองบางซื่อ ตอนถนนพระรามที่ 6,"Khlong Bang Sue Measurement Point, Thanon Rama VI",ค.บางซื่อ ถ.พระราม 6,"Khlong Bang Sue, Thanon Rama VI",1,,,,1,2,13.79759,100.53881,/Date(1791014400000)/,#24b295,ปกติ,Normal,4,03/10/2569 15:00,2026/10/03 15:00,,,,,-1.08,-1.08,,,,,0.65,0.55,0.1,0.2,,,,,-0.88,-0.96,,,,,1,,0,คลองบางซื่อ,,,
0,140,1,0,,,,,,,0,45,วังทองหลาง,Wang Thonglang,WL.CKS.02,,จุดวัดคลองเจ้าคุณสิงห์ ตอนถนนลาดพร้าว,"Khlong Chao Khun Singh Measurement Point, Thanon Lat Phrao",ค.เจ้าคุณสิงห์ ถ.ลาดพร้าว,"Khlong Chao Khun Singh, Thanon Lat Phrao",1,,,,1,2,13.78408,100.61341,/Date(1791014400000)/,#24b295,ปกติ,Normal,4,03/10/2569 15:00,2026/10/03 15:00,,,,,-1.08,-1.08,,,,,2.0,2.0,-0.2,0.0,,,,,-1.01,-0.79,,,,,1,,0,คลองเจ้าคุณสิงห์,,,
0,153,1,0,,,,,,,0,6,บางกะปิ,Bang Kapi,WL.SKT.02,,จุดวัดคลองทรงกระเทียม ตอนปตร.คลองทรงกระเทียม,"Khlong Song Kratiam Measurement Point, Song Kratiam Khlong Water Gate",ค.ทรงกระเทียม ปตร.คลองทรงกระเทียม,"Khlong Song Kratiam, Song Kratiam Khlong Water Gate",1,,,,1,2,13.80003,100.62285,/Date(1791014400000)/,#24b295,ปกติ,Normal,4,03/10/2569 15:00,2026/10/03 15:00,,,,,-1.09,-1.09,,,,,0.8,0.8,-0.2,0.0,,,,,-0.54,-0.16,,,,,1,,0,คลองทรงกระเทียม,,,
0,212,1,0,,,,,,,0,45,วังทองหลาง,Wang Thonglang,WL.KJT.01,,จุดวัดคลองจิต ตอนซอยลาดพร้าว 122 ,"Khlong Chit Measurement Point, Soi Lat Phrao 122",ค.จิต ซ.ลาดพร้าว 122,"Khlong Chit, Soi Lat Phrao 122",1,,,,1,2,13.77323,100.62173,/Date(1791014400000)/,#24b295,ปกติ,Normal,4,03/10/2569 15:00,2026/10/03 15:00,,,,,-1.14,-1.14,,,,,0.75,0.75,-0.1,0.0,,,,,-0.65,-0.83,,,,,1,,0,คลองจิต,,,
0,81,1,0,,,,,,,0,37,ราชเทวี,Ratchathewi,WL.SSN.04,,จุดวัดคลองสามเสน ช่วงถนนพหลโยธิน,"Khlong Samsen Measurement Point, Thanon Phahon Yothin",ค.สามเสน-ถ.พหลฯ,"Khlong Samsen, Thanon Phahon Yothin",1,,,,1,2,13.76551,100.5396,/Date(1791014400000)/,#24b295,ปกติ,Normal,4,03/10/2569 15:00,2026/10/03 15:00,,,,,-1.14,-1.14,,,,,1.0,0.85,0.2,0.3,,,,,-1.09,-0.56,,,,,1,,0,คลองสามเสน,,,
0,198,1,0,,,,,,,0,9,พระโขนง,Phra Khanong,WL.BOA.02,,จุดวัดคลองบางอ้อ ตอนซอยสุขุมวิท 64,"Khlong Bang O Measurement Point, Soi Sukhumvit 64",ค.บางอ้อ ซ.สุขุมวิท 64,"Khlong Bang O, Soi Sukhumvit 64",1,,,,1,2,13.68559,100.60441,/Date(1791014400000)/,#24b295,ปกติ,Normal,4,03/10/2569 15:00,2026/10/03 15:00,,,,,-1.15,-1.15,,,,,0.0,0.05,-0.2,0.0,,,,,-1.02,-1.06,,,,,1,,0,คลองบางอ้อ,,,
0,188,1,0,,,,,,,0,47,บางนา,Bang Na,WL.LSG.01,,จุดวัดคลองหลอด 2 ตอนถนนบางนา ตราด,"Khlong Lod 2 Measurement Point, Thanon Bangna-Trat",ค.หลอด 2 ถ.บางนา ตราด,"Khlong Lod 2, Thanon Bangna-Trat",1,,,,1,2,13.67099,100.62222,/Date(1791014400000)/,#24b295,ปกติ,Normal,4,03/10/2569 15:00,2026/10/03 15:00,,,,,-1.16,-1.16,,,,,0.3,0.3,0.0,0.2,,,,,-1.09,-0.86,,,,,1,,0,คลองหลอด 2,,,
0,31,2,5,7.0,0.0,0.0,4.41,0.33,,0,2,ดุสิต,Dusit,WL.SSN.01,,สถานีสูบน้ำ สามเสน,Sam Sen Pumping Station,ส.สามเสน,Sam Sen Pumping Station,1,,,,1,2,13.78484,100.50837,/Date(1791014400000)/,#24b295,ปกติ,Normal,4,03/10/2569 15:00,2026/10/03 15:00,,,,,-1.16,-1.16,1.84,1.84,,,0.9,3.5,0.2,0.3,2.8,3.0,,,-1.02,-0.83,1.93,1.92,,,1,,0,คลองสามเสน,,,
0,46,2,3,0.0,0.0,0.0,,,,0,31,บางคอแหลม,Bang Kho Laem,WL.WSI.01,,สถานีสูบน้ำ คลองวัดไทร,Khlong Wat Sai Pumping Station,ส.คลองวัดไทร,Khlong Wat Sai Pumping Station,1,,,,1,2,13.68687,100.51676,/Date(1791014400000)/,#24b295,ปกติ,Normal,4,03/10/2569 15:00,2026/10/03 15:00,,,,,-1.17,-1.17,1.42,1.42,,,2.6,2.8,0.5,0.6,2.1,2.3,,,-0.64,-0.62,1.69,1.72,,,1,,0,คลองวัดไทร,,,
0,286,1,0,,,,,,,0,45,วังทองหลาง,Wang Thonglang,WL.CKS.03,,จุดวัดคลองเจ้าคุณสิงห์ ตอนถนนอินทราภรณ์,"Khlong Chao Khun Singh Measurement Point, Thanon Inthraphon",ค.เจ้าคุณสิงห์-ถ.อินทราภรณ์,"Khlong Chao Khun Singh, Thanon Inthraphon",2,,,,1,2,13.77092,100.61482,/Date(1791014400000)/,#24b295,ปกติ,Normal,4,03/10/2569 15:00,2026/10/03 15:00,,,,,-1.17,-1.17,,,,,0.64,0.82,0.51,0.64,,,,,-1.12,-0.93,,,,,1,,0,คลองเจ้าคุณสิงห์,,,
0,196,1,0,,,,,,,0,9,พระโขนง,Phra Khanong,WL.BNJ.04,,จุดวัดคลองบางนางจีน ตอนถนนสุขุมวิท 101/1,"Khlong Bang Nang Chin Measurement Point, Soi Sukhumvit 101/1",ค.บางนางจีน ถ.สุขุมวิท 101/1,"Khlong Bang Nang Chin, Soi Sukhumvit 101/1",1,,,,1,2,13.68443,100.61107,/Date(1791014400000)/,#24b295,ปกติ,Normal,4,03/10/2569 15:00,2026/10/03 15:00,,,,,-1.19,-1.19,,,,,0.0,0.0,-0.2,0.0,,,,,-0.8,-0.72,,,,,1,,0,คลองบางนางจีน,,,
0,178,1,0,,,,,,,0,30,จตุจักร,Chatuchak,WL.PYW.01,,จุดวัดคลองพญาเวิก ตอนปตร.คลองพญาเวิก,"Khlong Phaya Wek Measurement Point, Phaya Wek Water Gate",ค.พญาเวิก ปตร.คลองพญาเวิก,"Khlong Phaya Wek, Phaya Wek Water Gate",1,,,,1,2,13.79676,100.56697,/Date(1791014400000)/,#24b295,ปกติ,Normal,4,03/10/2569 15:00,2026/10/03 15:00,,,,,-1.25,-1.25,,,,,1.0,1.0,0.1,0.2,,,,,-0.36,-0.73,,,,,1,,0,คลองพญาเวิก,,,
0,47,2,2,0.0,0.0,,,,,0,9,พระโขนง,Phra Khanong,WL.BOA.01,,สถานีสูบน้ำ บางอ้อ,Bang O Pumping Station,ส.บางอ้อ,Bang O Pumping Station,1,,,,1,2,13.68206,100.59226,/Date(1791014400000)/,#24b295,ปกติ,Normal,4,03/10/2569 15:00,2026/10/03 15:00,,,,,-1.25,-1.25,1.29,1.29,,,2.28,2.8,-0.2,0.0,2.1,2.3,,,-1.05,-1.13,1.71,1.74,,,1,,0,คลองบางอ้อ,,,
0,199,1,0,,,,,,,0,9,พระโขนง,Phra Khanong,WL.KJK.02,,จุดวัดคลองเจ็ก ตอนถนนสุขุมวิท 60/1,"Khlong Chek Measurement Point, Soi Sukhumvit 60/1",ค.เจ็ก ถ.สุขุมวิท 60/1,"Khlong Chek, Soi Sukhumvit 60/1",1,,,,1,2,13.69734,100.6024,/Date(1791014400000)/,#24b295,ปกติ,Normal,4,03/10/2569 15:00,2026/10/03 15:00,,,,,-1.26,-1.26,,,,,0.3,0.6,-0.2,0.0,,,,,-0.99,-0.9,,,,,1,,0,คลองเจ็ก,,,
0,260,1,0,,,,,,,0,9,พระโขนง,Phra Khanong,WL.BON.01,,จุดวัดคลองบางอ้อน้อย ตอนซอยสุขุมวิท 64,"Khlong Bang O Noi, Soi Sukhumvit 64",ค.บางอ้อน้อย ซ.สุขุมวิท 64,"Khlong Bang O Noi, Soi Sukhumvit 64",1,,,,1,2,13.68495,100.60233,/Date(1791014400000)/,#24b295,ปกติ,Normal,4,03/10/2569 15:00,2026/10/03 15:00,,,,,-1.26,-1.26,,,,,0.85,0.85,-0.2,0.0,,,,,-1.16,-1.13,,,,,1,,0,คลองบางอ้อน้อย,,,
0,261,1,0,,,,,,,0,9,พระโขนง,Phra Khanong,WL.BOA.03,,จุดวัดคลองบางอ้อใหญ่ ตอนซอยสุขุมวิท 66/1,"Khlong Bang O Yai Measurement Point, Soi Sukhumvit 66/1",ค.บางอ้อใหญ่ ซ.สุขุมวิท 66/1,"Khlong Bang O Yai, Soi Sukhumvit 66/1",1,,,,1,2,13.68076,100.60305,/Date(1791014100000)/,#24b295,ปกติ,Normal,9,03/10/2569 14:55,2026/10/03 14:55,,,,,-1.27,-1.27,,,,,0.15,0.15,-0.2,0.0,,,,,-1.11,-1.15,,,,,1,,0,คลองบางอ้อ,,,
0,272,1,0,,,,,,,0,30,จตุจักร,Chatuchak,WL.VPD.03,,จุดวัดคูน้ำวิภาวดี ตอนซอยวิภาวดีรังสิต 28,"Khu Nam Vibhavadi Measurement Point, Soi Vibhavadi Rangsit 28",คูน้ำวิภาวดี-ซ.วิภาวดีรังสิต 28,"Khu Nam Vibhavadi, Soi Vibhavadi Rangsit 28",2,,,,1,2,13.82159,100.55909,/Date(1791014400000)/,#24b295,ปกติ,Normal,4,03/10/2569 15:00,2026/10/03 15:00,,,,,-1.27,-1.27,,,,,0.59,0.59,0.2,0.3,,,,,-1.27,-1.16,,,,,1,,0,คูน้ำวิภาวดี,,,
0,45,2,2,0.0,0.0,,,,,0,9,พระโขนง,Phra Khanong,WL.KJK.01,,สถานีสูบน้ำ คลองเจ็ก,Khlong Chek Pumping Station,ส.คลองเจ็ก,Khlong Chek Pumping Station,1,,,,1,2,13.6922,100.5898,/Date(1791014400000)/,#24b295,ปกติ,Normal,4,03/10/2569 15:00,2026/10/03 15:00,,,,,-1.3,-1.3,1.25,1.25,,,0.75,2.8,-0.2,0.0,2.1,2.3,,,-1.05,-1.0,1.64,1.67,,,1,,0,คลองเจ็ก,,,
0,144,1,0,,,,,,,0,39,วัฒนา,Watthana,WL.PSI.01,,จุดวัดคลองพร้อมศรี 2 ตอนถนนสุขุมวิท 49/13,"Khlong Prom Sri 2 Measurement Point, Thanon Sukhumvit 49/13",ค.พร้อมศรี 2 ถ.สุขุมวิท 49/13,"Khlong Prom Sri 2, Thanon Sukhumvit 49/13",1,,,,1,2,13.73827,100.57522,/Date(1791014400000)/,#24b295,ปกติ,Normal,4,03/10/2569 15:00,2026/10/03 15:00,,,,,-1.32,-1.32,,,,,0.0,0.0,-0.2,0.0,,,,,-1.05,-0.89,,,,,1,,0,คลองพร้อมศรี2,,,
0,223,1,0,,,,,,,0,30,จตุจักร,Chatuchak,WL.LYW.02,,จุดวัดคลองลาดยาว ตอนถนนวิภาวดีรังสิต 44,"Khlong Lat Yao Measurement Point, Thanon Vibhavadi Rangsit 44",ค.ลาดยาว ถ.วิภาวดีรังสิต 44,"Khlong Lat Yao, Thanon Vibhavadi Rangsit 44",1,,,,1,2,13.84162,100.55997,/Date(1791014400000)/,#24b295,ปกติ,Normal,4,03/10/2569 15:00,2026/10/03 15:00,,,,,-1.38,-1.38,,,,,0.5,0.5,0.2,0.3,,,,,-1.34,-1.19,,,,,1,,0,คลองลาดยาว,,,
0,56,2,1,0.0,,,,,,0,7,ปทุมวัน,Pathum Wan,WL.ORC.01,,สถานีสูบน้ำ คลองอรชร,Khlong Orachorn Pumping Gate,ส.คลองอรชร,Khlong Orachorn Pumping Gate,1,,,,1,2,13.74795,100.53615,/Date(1791014400000)/,#24b295,ปกติ,Normal,4,03/10/2569 15:00,2026/10/03 15:00,,,,,-1.39,-1.39,-0.47,-0.47,,,0.55,0.55,0.5,0.6,0.5,0.6,,,-1.39,-0.87,-0.42,-0.01,,,1,,0,คลองอรชร,,,
0,194,1,0,,,,,,,0,26,ดินแดง,Din Daeng,WL.FTM.01,,จุดวัดคลองโบสถ์แม่พระ ตอนถนนดินแดง,"Khlong Mae Phra Church Measurement Point, Thanon Din Daeng",ค.โบสถ์แม่พระ ถ.ดินแดง,"Khlong Mae Phra Church, Thanon Din Daeng",1,,,,1,2,13.75957,100.55618,/Date(1791014400000)/,#24b295,ปกติ,Normal,4,03/10/2569 15:00,2026/10/03 15:00,,,,,-1.44,-1.44,,,,,1.0,1.0,0.0,0.1,,,,,-1.0,-0.78,,,,,1,,0,คลองโบสถ์แม่พระ,,,
0,32,1,2,0.0,0.0,,,,,0,45,วังทองหลาง,Wang Thonglang,WL.CKS.01,,สถานีสูบน้ำ คลองเจ้าคุณสิงห์,Khlong Chaokhun Singha Pumping Station,ส.คลองเจ้าคุณสิงห์,Khlong Chaokhun Singha Pumping Station,1,,,,1,2,13.76172,100.61521,/Date(1791014400000)/,#24b295,ปกติ,Normal,4,03/10/2569 15:00,2026/10/03 15:00,,,,,-1.45,-1.45,,,,,1.85,1.97,-0.3,-0.2,,,,,-1.37,-1.08,,,,,1,,0,คลองเจ้าคุณสิงห์,,,
0,224,1,0,,,,,,,0,30,จตุจักร,Chatuchak,WL.LYW.01,,จุดวัดคลองลาดยาว ตอน ถนนรัชดาภิเษก,"Khlong Lat Yao Measurement Point, Thanon Ratchadaphisek",ค.ลาดยาว ถ.รัชดาภิเษก,"Khlong Lat Yao, Thanon Ratchadaphisek",1,,,,1,0,13.83042,100.56229,/Date(1791004800000)/,#676b6b,ขัดข้อง,out of order,164,03/10/2569 12:20,2026/10/03 12:20,,,,,-1.47,-1.47,,,,,1.5,1.5,0.2,0.3,,,,,-1.46,-1.34,,,,,0,#676a6c,0,คลองลาดยาว,,,
0,26,2,5,1.73,1.74,0.0,4.24,0.0,,0,29,บางซื่อ,Bang Sue,WL.BKA.01,,สถานีสูบน้ำ คลองบางเขนใหม่,Khlong Bang Khen Mai Pumping Station,ส.คลองบางเขนใหม่,Khlong Bang Khen Mai Pumping Station,1,,,,1,2,13.81722,100.51066,/Date(1791014400000)/,#24b295,ปกติ,Normal,4,03/10/2569 15:00,2026/10/03 15:00,,,,,-1.48,-1.48,1.99,1.99,,,3.5,3.5,0.4,0.5,2.8,3.0,,,-0.88,0.25,2.07,2.07,,,1,,0,คลองบางเขนใหม่,,,
0,55,1,1,0.0,,,,,,0,30,จตุจักร,Chatuchak,WL.VPV.01,,สถานีสูบน้ำ รัชดา-วิภาวดี,Ratchada-Vibhavadi Pumping Station,ส.รัชดา-วิภาวดี,Ratchada-Vibhavadi Pumping Station,1,,,,1,2,13.83021,100.5571,/Date(1791014400000)/,#24b295,ปกติ,Normal,4,03/10/2569 15:00,2026/10/03 15:00,,,,,-1.49,-1.49,,,,,1.85,1.97,0.2,0.3,,,,,-1.27,-1.3,,,,,1,,0,คูน้ำวิภาวดี,,,
0,186,1,0,,,,,,,0,6,บางกะปิ,Bang Kapi,WL.YPN.02,,จุดวัดคลองยายเผื่อน ตอนถนนลาดพร้าว,"Khlong Yai Phuean Measurement Point, Thanon Lat Phrao",ค.ยายเผื่อน ถ.ลาดพร้าว,"Khlong Yai Phuean, Thanon Lat Phrao",1,,,,1,2,13.76832,100.63938,/Date(1791014400000)/,#24b295,ปกติ,Normal,4,03/10/2569 15:00,2026/10/03 15:00,,,,,-1.51,-1.51,,,,,0.7,0.7,-0.2,0.0,,,,,-1.27,-0.6,,,,,1,,0,คลองยายเผื่อน,,,
0,210,1,0,,,,,,,0,38,ลาดพร้าว,Lat Phrao,WL.SNO.01,,จุดวัดคลองเสือน้อย ตอนถนนสุคนธสวัสดิ์,"Khlong Suea Noi Measurement Point, Thanon Sukonthasawat",ค.เสือน้อย ถ.สุคนธสวัสดิ์,"Khlong Suea Noi, Thanon Sukonthasawat",1,,,,1,2,13.82306,100.60897,/Date(1791014400000)/,#24b295,ปกติ,Normal,4,03/10/2569 15:00,2026/10/03 15:00,,,,,-1.52,-1.52,,,,,1.0,1.0,0.3,0.4,,,,,-0.55,-0.29,,,,,1,,0,คลองเสือน้อย,,,
0,182,1,0,,,,,,,0,39,วัฒนา,Watthana,WL.SWU.01,,จุดวัดคูน้ำ มศว.,Khu Nam Mo So Wo Measurement Point,คูน้ำ มศว.,Khu Nam Mo So Wo,1,,,,1,2,13.7423,100.56775,/Date(1791014400000)/,#24b295,ปกติ,Normal,4,03/10/2569 15:00,2026/10/03 15:00,,,,,-1.6,-1.6,,,,,0.4,0.4,-0.2,0.0,,,,,-0.98,-0.85,,,,,1,,0,คูน้ำ มศว.,,,
0,48,2,2,0.0,0.0,,,,,0,47,บางนา,Bang Na,WL.BNA.01,,สถานีสูบน้ำ บางนา,Bang Na Pumping Station,ส.บางนา,Bang Na Pumping Station,1,,,,1,2,13.67482,100.58775,/Date(1791014400000)/,#24b295,ปกติ,Normal,4,03/10/2569 15:00,2026/10/03 15:00,,,,,-1.61,-1.61,1.16,1.16,,,0.3,2.8,-0.2,0.0,2.1,2.3,,,-1.23,-1.07,1.55,1.6,,,1,,0,คลองบางนา,,,
0,229,1,0,,,,,,,0,39,วัฒนา,Watthana,WL.KPG.01,,จุดวัดคลองเป้ง ตอนซอยเอกมัย 23,"Khlong Peng Measurement Point, Soi Ekkamai 23",ค.เป้ง ซ.เอกมัย 23,"Khlong Peng, Soi Ekkamai 23",1,,,,1,2,13.74048,100.58877,/Date(1791014400000)/,#24b295,ปกติ,Normal,4,03/10/2569 15:00,2026/10/03 15:00,,,,,-1.64,-1.64,,,,,0.0,0.0,-0.2,0.0,,,,,-0.97,-0.97,,,,,1,,0,คลองเป้ง,,,
0,230,1,0,,,,,,,0,39,วัฒนา,Watthana,WL.BMK.01,,จุดวัดคลองบางมะเขือ ตอนถนนสุขุมวิท 71,"Khlong Bang Makhuea Measurement Point, Thanon Sukhumvit 71",ค.บางมะเขือ ถ.สุขุมวิท 71,"Khlong Bang Makhuea, Thanon Sukhumvit 71",1,,,,1,2,13.71693,100.59558,/Date(1791014400000)/,#24b295,ปกติ,Normal,4,03/10/2569 15:00,2026/10/03 15:00,,,,,-1.64,-1.64,,,,,0.0,0.0,-0.3,0.0,,,,,-1.06,-1.04,,,,,1,,0,คลองบางมะเขือ,,,
0,181,1,0,,,,,,,0,39,วัฒนา,Watthana,WL.TSK.01,,จุดวัดคูน้ำต่อศักดิ์ ตอนซอยทองหล่อ 25,"Khlong Torsak Measurement Point, Soi Thonglor 25",คูน้ำต่อศักดิ์ ซ.ทองหล่อ 25,"Khlong Torsak, Soi Thonglor 25",1,,,,1,2,13.74019,100.58037,/Date(1791014400000)/,#24b295,ปกติ,Normal,4,03/10/2569 15:00,2026/10/03 15:00,,,,,-1.77,-1.77,,,,,0.0,0.0,-0.2,0.0,,,,,-1.39,-1.27,,,,,1,,0,คูน้ำต่อศักดิ์,,,
0,82,1,0,,,,,,,0,26,ดินแดง,Din Daeng,WL.SSN.06,,จุดวัดคลองสามเสน ช่วงถนนดินแดง,"Khlong Samsen Measurement Point, Thanon Din Daeng",ค.สามเสน-ดินแดง,"Khlong Samsen, Din Daeng",1,,,,1,2,13.75604,100.5526,/Date(1791014400000)/,#24b295,ปกติ,Normal,4,03/10/2569 15:00,2026/10/03 15:00,,,,,-1.78,-1.78,,,,,0.35,0.4,0.0,0.1,,,,,-1.78,-1.29,,,,,1,,0,คลองสามเสน,,,
0,197,1,0,,,,,,,0,47,บางนา,Bang Na,WL.BNJ.02,,จุดวัดคลองบางนางจีน ตอนซอยสุขุมวิท 66/1,"Khlong Bang Nang Chin Measurement Point, Soi Sukhumvit 66/1",ค.บางนางจีน ซ.สุขุมวิท 66/1,"Khlong Bang Nang Chin, Soi Sukhumvit 66/1",1,,,,1,2,13.68202,100.60746,/Date(1791014400000)/,#24b295,ปกติ,Normal,4,03/10/2569 15:00,2026/10/03 15:00,,,,,-1.84,-1.84,,,,,0.0,0.0,-0.3,-0.1,,,,,-0.83,-0.75,,,,,1,,0,คลองบางนางจีน,,,
0,52,2,2,0.0,0.0,,,,,0,12,ยานนาวา,Yan Nawa,WL.CNS.01,,สถานีสูบน้ำ คลองช่องนนทรี,Khlong Chong Nonsi Pumping Station,ส.คลองช่องนนทรี,Khlong Chong Nonsi Pumping Station,1,,,,1,2,13.6952,100.54853,/Date(1791014400000)/,#24b295,ปกติ,Normal,4,03/10/2569 15:00,2026/10/03 15:00,,,,,-1.97,-1.97,1.29,1.29,,,2.8,2.8,0.2,0.3,2.1,2.3,,,-1.56,-1.18,1.63,1.66,,,1,,0,คลองช่องนนทรี,,,
0,53,2,2,0.0,0.0,,,,,0,9,พระโขนง,Phra Khanong,WL.BJK.01,,สถานีสูบน้ำ บางจาก,Bang Chak Pumping Station,ส.บางจาก,Bang Chak Pumping Station,1,,,,1,2,13.68913,100.59082,/Date(1791014400000)/,#24b295,ปกติ,Normal,4,03/10/2569 15:00,2026/10/03 15:00,,,,,-2.0,-2.0,1.23,1.23,,,2.6,2.8,-0.2,0.0,2.1,2.3,,,-2.0,-1.25,1.63,1.66,,,1,,0,คลองบางจาก,,,
0,149,1,0,,,,,,,0,6,บางกะปิ,Bang Kapi,WL.TNG.01,,จุดวัดคลองตาหนัง ตอนถนนลาดพร้าว,"Khlong Ta Nang Measurement Point, Thanon Lat Phrao",ค.ตาหนัง ถ.ลาดพร้าว,"Khlong Ta Nang, Thanon Lat Phrao",1,,,,0,0,13.76725,100.64345,/Date(1780981800000)/,#676b6b,ขัดข้อง,out of order,167214,09/06/2569 12:10,2026/06/09 12:10,,,,,-2.0,-2.0,,,,,0.3,0.3,-0.2,0.0,,,,,1.0,0.0,,,,,0,#676a6c,0,คลองตาหนัง,,,
0,193,1,0,,,,,,,0,26,ดินแดง,Din Daeng,WL.NSG.01,,จุดวัดคลองนาซอง ตอนถนนประชาสุข,"Khlong Na Song Measurement Point, Thanon Prachasuk",ค.นาซอง ถ.ประชาสุข,"Khlong Na Song, Thanon Prachasuk",1,,,,1,2,13.77895,100.56654,/Date(1791014400000)/,#24b295,ปกติ,Normal,4,03/10/2569 15:00,2026/10/03 15:00,,,,,-2.0,-2.0,,,,,1.85,1.97,0.0,0.1,,,,,-2.0,-2.0,,,,,1,,0,คลองนาซอง,,,
0,292,1,0,,,,,,,0,40,บางแค,Bang Khae,WL.RMT.03,,จุดวัดคลองพระยาราชมนตรี ตอนถนน กัลปพฤกษ์,"Khlong Phraya Ratchamontri Measurement Point, Thanon Kanlapaphruek",ค.พระยาราชมนตรี-ถ.กัลปพฤกษ์,"Khlong Phraya Ratchamontri, Thanon Kanlapaphruek",1,,,,2,0,13.68785,100.42779,/Date(1789448100000)/,#676b6b,ขัดข้อง,out of order,26109,15/09/2569 11:55,2026/09/15 11:55,,,,,-2.0,-2.0,,,,,1.0,1.0,0.6,0.7,,,,,0.2,0.25,,,,,0,#676a6c,0,คลองพระยาราชมนตรี,,,
0,44,2,1,0.0,,,,,,0,33,คลองเตย,Khlong Toei,WL.KTY.01,,สถานีสูบน้ำ คลองเตย,Khlong Toei Pumping Station,ส.คลองเตย,Khlong Toei Pumping Station,1,,,,1,2,13.70635,100.58779,/Date(1791014400000)/,#24b295,ปกติ,Normal,4,03/10/2569 15:00,2026/10/03 15:00,,,,,-2.17,-2.17,1.23,1.23,,,2.8,2.8,-0.4,-0.2,2.1,2.3,,,-1.36,-1.31,1.6,1.67,,,1,,0,คลองเตย,,,
0,66,2,1,0.0,,,,,,0,32,ประเวศ,Prawet,WL.NBN.01,,จุดวัดบึงหนองบอน,Bueng Nong Bon Measurement Point,ส.บึงหนองบอน,Bueng Nong Bon Measurement Point,1,,,,1,2,13.69479,100.6535,/Date(1791014400000)/,#24b295,ปกติ,Normal,4,03/10/2569 15:00,2026/10/03 15:00,,,,,-4.37,-4.37,-0.95,-0.95,,,1.98,1.98,-0.1,0.0,-0.1,0.0,,,-4.35,-4.37,-0.78,-0.8,,,1,,0,คลองหนองบอน,,,
0,23,2,1,0.0,,,,,,0,41,หลักสี่,Lak Si,WL.TUT.01,,สถานีสูบน้ำ คลองตาอูฐ,Khlong Ta Ut Pumping Station,ส.คลองตาอูฐ,Khlong Ta Ut Pumping Station,1,,,,2,0,13.89975,100.58673,/Date(1761118500000)/,#676b6b,ขัดข้อง,out of order,498269,22/10/2568 14:35,2025/10/22 14:35,,,,,-99,,0.04,0.04,,,0.95,1.5,0.1,0.2,1.0,1.2,,,,,0.09,0.28,,,0,#676a6c,0,คลองตาอูฐ,,,
